filename,before_hash,ctxr_hash,mipmaps,origin_folder,opacity_stripped,upscaled
00004ad1,672be33b525ed443a1fef548c16b3cb7e849d9af,c896c2e99744cec7ffe4a22742514d8f12a85dcb,false,mc textures\HAS ALPHA\bp_remade\no_mip_fixes\ui,false,true
0000c4dd,c0aac4f430300a75a69081ffe78ee1a9263368b2,825a220cc049f8867d5f88fb115b2826d7ab965d,false,mc textures\HAS ALPHA\bp_remade\no_mip_fixes\ui,false,true
0000c4dd_d0bf2476e36b7e6db64e892154845abf,75f1235f6ac46f076b64abba085ae1d5d499acde,f4083b5f3ba10e4c84597fe2a73c8215f3a51d12,false,mc textures\HAS ALPHA\bp_remade\no_mip_fixes\ui,false,true
0000f06e,615e6cde8c1201f27b4a1d136dce1152f89c5487,f4e43d45ed1ac0e44a9980e9680976dee6bf9030,false,mc textures\HAS ALPHA\bp_remade\no_mip_fixes\ui,false,true
00012016,9669922dcd25f679943f6a47b7f2bb1106b5ec2f,c5a81b837c8b5f297461c3d22d0705632648fcbd,false,mc textures\HAS ALPHA\bp_remade\no_mip_fixes\ui,false,true
00022016,b85530e45755f57916fbc2923fd2460a0cd34636,e64284d68f41a52487e4f421b2c44a61f08690f9,false,mc textures\HAS ALPHA\bp_remade\no_mip_fixes\ui,false,true
00024ad1,584ab5bbbb3841cd558ea1cf1874cc2c14581c0c,d101b03b1d3dee7d45ff5a9eef839f403480c358,false,mc textures\HAS ALPHA\bp_remade\no_mip_fixes\ui,false,true
0002936b,565cb23b61bf5a42afc751a3b94c28c061405f4b,4e759f8d972c720b9b290fbeee26576e6aea5e8c,false,mc textures\HAS ALPHA\bp_remade\no_mip_fixes\ui,false,true
0002cca2,b785a6ee61d271ed1ddc1b73045c5959785174ab,83379f0c4894ace22fd88bf7a8c4183f5b6c665a,false,mc textures\HAS ALPHA\bp_remade\no_mip_fixes\ui,false,true
00032016,0f7f30ecd41a36cc56f4884ec86c25e20ce5b8cb,55c23b412b173b8f3f43bda3b81e3100378feba7,false,mc textures\HAS ALPHA\bp_remade\no_mip_fixes\ui,false,true
000382c8,1086c51428b62421b70460f8efd3432ff40895ed,66e9cd5657877d69d4a4b5f8bd45d76507fb8add,false,mc textures\HAS ALPHA\bp_remade\no_mip_fixes\ui,false,true
0003c3de,1541ce8537a339a82c42a1f6be585aa57789c566,d2c32709b956e5e23447ca592cd5ec6a0dd1b9dc,false,mc textures\HAS ALPHA\bp_remade\no_mip_fixes\ui,false,true
0003c3de_59747dd0818a4f3d78cd7938115b9093,e42f2727f861e66b585225d637a4fdf5b13c9f19,d20b20be7c0afa501fb2f2b264c1f7ab6abcd219,false,mc textures\HAS ALPHA\bp_remade\no_mip_fixes\ui,false,true
00042016,b7627d9843fdad8bd7ed2055c56bc7ff49bd9e00,3aec9cd1d67664043b4e42f523bd586ba7d54159,false,mc textures\HAS ALPHA\bp_remade\no_mip_fixes\ui,false,true
000430f2,339c4411b5dc8bf1bf4bd58842ae7d2ef5ed2148,3a20e07ba44e211ad9dc88c06aa85e0c30cc5d26,false,mc textures\HAS ALPHA\bp_remade\no_mip_fixes\ui,false,true
00052016,eb32124fef9156143e6f27b748ae2a1f4b0fee55,7df4690ade012ea6fb41510a658b3cd80f667ea0,false,mc textures\HAS ALPHA\bp_remade\no_mip_fixes\ui,false,true
00058f79,7fccbcb3be0c83a111f9648a8f3ebe88d4d6635d,e429bc3496a1496da710f1999695f561223745e4,false,mc textures\HAS ALPHA\bp_remade\no_mip_fixes\ui,false,true
00062016,59cf54cc32c5e1a223935a87a9fedacdd2397df6,b588e2c07c467213e6bab759e70c9609e269a013,false,mc textures\HAS ALPHA\bp_remade\no_mip_fixes\ui,false,true
00065bbe,e669dd51f8b7c8cba22ed699c5e4beeee8fefbb9,935944b6095592a7b2f626eb701e3d4f7f8c7246,false,mc textures\HAS ALPHA\bp_remade\no_mip_fixes\ui,false,true
00068f79,98bcb44cba86c51d7a4673603d129808551fc7eb,9beedc0fae8221ba5b12a2cc8da95e8609ecc547,false,mc textures\HAS ALPHA\bp_remade\no_mip_fixes\ui,false,true
00072016,3852c5f9bb25a8ab280528d507588b59f2a9932f,5840979124a141770dbdca7b5ee3bc7ebd9b8e25,false,mc textures\HAS ALPHA\bp_remade\no_mip_fixes\ui,false,true
00075bbe,696a60ef51ea6780c1d4bf3d7a53d1a1b6e007e9,8300b4b50a98362f920c852c9b9ce000d3251dcd,false,mc textures\HAS ALPHA\bp_remade\no_mip_fixes\ui,false,true
00078f79,a79299c946e38701ff84ac2e8eec13072c8e9159,2772a1615d37a445b5d3600cef4c24a6dc5b0061,false,mc textures\HAS ALPHA\bp_remade\no_mip_fixes\ui,false,true
0007bc34,34926d0c145564bab387e60d75b9a2099be93aee,3c087c7a2a95b61f53e371ff4010f76daf882254,false,mc textures\HAS ALPHA\bp_remade\no_mip_fixes\ui,false,true
00082016,cf623d191eada6248bde6cf86eefac98282306e9,14a4e019a66fb3aaf0f1b011c2425582d1f04dd0,false,mc textures\HAS ALPHA\bp_remade\no_mip_fixes\ui,false,true
00085bbe,579329cb7cb48a5fa6850fe509df39405fcfcccd,25c3e1b9055e401b3aadc825256f7ca5304f3d98,false,mc textures\HAS ALPHA\bp_remade\no_mip_fixes\ui,false,true
00085d1e,60df100b0e2924afb873fa43cae464040ede43a9,127352d4cb13e7854e03a907c7734422f4547d52,false,mc textures\HAS ALPHA\bp_remade\no_mip_fixes\ui,false,true
000897ee,a7f9938dba28ebc1bc21832a8abf37ce9fb592ef,fbf1d1fbe1002fb8e312a8712a2080740b9df789,false,mc textures\OPAQUE\bp_remade\no_mip_fixes\ui,true,true
0008bc34,d641694f095bed600a33dbc3f86f14381e6d029f,7cb622ae914343a1771de2c84f6c6b4b7a9b16ea,false,mc textures\HAS ALPHA\bp_remade\no_mip_fixes\ui,false,true
00096be0,03faab49c60ec56db37927a7bdb98b74b4f3daf9,987283d15463ce3d5985217bde52a5747a5dc3c1,false,mc textures\HAS ALPHA\bp_remade\no_mip_fixes\ui,false,true
0009bc34,53a3f245b06697fa834148004223656ad5bedfda,258bdc5412c58b75833143b66b2be0b7c8dd006b,false,mc textures\HAS ALPHA\bp_remade\no_mip_fixes\ui,false,true
0009eb6f,78688c264a8fde8101150089cc938863847371aa,7a1270687e7ad5de2adb95f7d698eeee1c578928,false,mc textures\HAS ALPHA\bp_remade\no_mip_fixes\ui,false,true
0009f56f,ce4fcd567cb29cfd9918a60de0a5f1f742cef7c0,40c7c33fe2be07b1ab584df5ab63bfca34d64eea,false,mc textures\HAS ALPHA\bp_remade\no_mip_fixes\ui,false,true
0009f66f,7900fdd39d2e354c8ea899a15973cf73a296cbb6,7b157b73f0ce12d36c98911090fb951415a5f657,false,mc textures\HAS ALPHA\bp_remade\no_mip_fixes\ui,false,true
000a8fc0,71ab84335d4179f5f7e506f7969626a9fb842e7e,b92ec7ef24858fced43b0e2aa5861821af6619ae,false,mc textures\HAS ALPHA\bp_remade\no_mip_fixes\ui,false,true
000aa7de,47a66f898db2631a44bdd99cc8b6d813ae042354,1236c0944d34fc42a41549aa27f2761449dda58f,false,mc textures\HAS ALPHA\bp_remade\no_mip_fixes\ui,false,true
000b7011,885fbf7b25e82d656c9a7fb72237540dc5991bb2,d03c5a7222281e6abfd2e32541ea6393034c4127,false,mc textures\HAS ALPHA\bp_remade\no_mip_fixes\ui,false,true
000c59bf,a50e46a092745563b9cc34a5584fc89533148603,655952295498988cb3292dd28d9fa89b3eb6a5da,false,mc textures\HAS ALPHA\bp_remade\no_mip_fixes\ui,false,true
000cc716,0d4bc0744770e215f5a4ac677cb3ba61fe5472c8,21f867792d0f1178be0908cb82c12e160ced4ab4,false,mc textures\HAS ALPHA\bp_remade\no_mip_fixes\ui,false,true
000ccd6b,08b0fdaaf6e037fedb2fbd78d570946b63f0c916,383b93b00e812f625c814f1a2e753e49265114ae,false,mc textures\HAS ALPHA\bp_remade\no_mip_fixes\ui,false,true
000e1a61,03b6c1149f8cc4d40f8fa32f8f7f6f07fafc6293,eceb95ff25c5cdd1b5f81dc5450148500376083b,false,mc textures\HAS ALPHA\bp_remade\no_mip_fixes\ui,false,true
000ebe38,10150bd681120d15d67503ab404264d77429e54f,c6eef089081099465313dad41772f5d3a296a709,false,mc textures\HAS ALPHA\bp_remade\no_mip_fixes\ui,false,true
00100d1b,d67151360038e05bf1733515a9639de48a8a539b,9cc2d0a9edcefcd491f36d4c93bf51f64999fc7e,false,mc textures\HAS ALPHA\bp_remade\no_mip_fixes\ui,false,true
001087b3,41fadc60229c30ace7ceccac0d0967006c4a1d83,a57299c39a68b73c614c4fc310760714e96e82ba,false,mc textures\HAS ALPHA\bp_remade\no_mip_fixes\ui,false,true
0010e123,53ce553987e5e876d7d5524b1cbd541abd570b78,920c137087614bfc7987acaddf2c09ed7977cdc0,false,mc textures\HAS ALPHA\bp_remade\no_mip_fixes\ui,false,true
001187b3,e0c1b50353e6b38be466e280d4fb094ee95b5bfd,a81b37aecc17e7e8954a97455bd4e1738a45b009,false,mc textures\HAS ALPHA\bp_remade\no_mip_fixes\ui,false,true
0012e9ed,2a90378fa01c86a73b4942fd4401f1a58c1130ac,98b785e93795647aaa5b3815048f975a6077ea1e,false,mc textures\HAS ALPHA\bp_remade\no_mip_fixes\ui,false,true
0013486e,ea45038f50ee767356c373cc240d2cd4f2fadb25,c971a64a601a6d2ee7213b28af5e4bcff1fb7938,false,mc textures\HAS ALPHA\bp_remade\no_mip_fixes\ui,false,true
0013547f,a477cc8c8d3b7a9080c12177656b85077b9e6f20,594236fb49753e14147e9ab048fec388edae3db5,false,mc textures\HAS ALPHA\bp_remade\no_mip_fixes\ui,false,true
0014547f,ab19b066e964c20442a1f00387c753fa18c79d95,6a23a4009cc4353e8b81b3d4bb00605ac452d38f,false,mc textures\HAS ALPHA\bp_remade\no_mip_fixes\ui,false,true
001463f1,ce013b3413c72505340aba8d8633d0a2ceb608fb,50d0f2b643362c4690ccb9bc0b015941c6c36158,false,mc textures\HAS ALPHA\bp_remade\no_mip_fixes\ui,false,true
0015547f,59b0f54cd69a8abe5a27c76e3f258fa96f0ac041,5bad744eb76177c1c72b54f01b17c4ef4409be3e,false,mc textures\HAS ALPHA\bp_remade\no_mip_fixes\ui,false,true
00158927,6d187f2842f22f77bee6f6a35c4629f00a37d072,33e498345a975dc796e01831c8edab9932f750da,false,mc textures\HAS ALPHA\bp_remade\no_mip_fixes\ui,false,true
0016852b,e1be15d9ef91e91e2bdc713c4a3e2e4a9ce5319f,b087cb4fc2315eb2c51d959159dcb42d7016386c,false,mc textures\HAS ALPHA\bp_remade\no_mip_fixes\ui,false,true
0016bbf5,41b3afeaf7f7c3ce21458036fbd112892e2cfa57,4ce1545a84409dd67151ad04a42aee5cafb496af,false,mc textures\HAS ALPHA\bp_remade\no_mip_fixes\ui,false,true
0017bbf5,d03b1952bd52257ce8700e73922109784b714428,90cb3b5a8e5f43c61119ebd5a95993f9fbdfac0f,false,mc textures\HAS ALPHA\bp_remade\no_mip_fixes\ui,false,true
001a8739,f0a4eb5a6b3b3d89e62f38fdc2fc31338251a7ab,e5731b5562a3c4825bac7879d4365b08b7f156c3,false,mc textures\HAS ALPHA\bp_remade\no_mip_fixes\ui,false,true
001a8739_9b95ed97d41ce0c9da24766f77e0bf35,95b2326aabc90ad460ee96b849392e7330f5a6b4,030830a445c01c73a313084089e67c292ce7eaf7,false,mc textures\HAS ALPHA\bp_remade\no_mip_fixes\ui,false,true
001bb358,bd4f30b47f93868e7b5c8f8cbcc4d45c23691d1f,6d6a9bb852f20f2000aa9c17f3d9796d6f1ff8e2,false,mc textures\HAS ALPHA\bp_remade\no_mip_fixes\ui,false,true
001cd071,ff6c0b492c828dedccf65d4197318015f6a82574,e61ecb8bb9623ddf96dcdb0f025175273e1090bc,false,mc textures\HAS ALPHA\bp_remade\no_mip_fixes\ui,false,true
001f2016,6afe23dd1c59e5b012fe6e13a6ee5e62064e51ea,564dc3ec9ef4ea99ccd92bda825df34e8d485b4d,false,mc textures\HAS ALPHA\bp_remade\no_mip_fixes\ui,false,true
00202016,8cb2b50c42ce5ad3cb8625f8f7a81383e8faee49,8ed80d8ea5e19cf8b3b7fc01dace252293ba9f01,false,mc textures\HAS ALPHA\bp_remade\no_mip_fixes\ui,false,true
00207af5,d82914598825498adb298878637148def4361d47,35abbf4842fbad26ad3028d8898984890c6baf87,false,mc textures\HAS ALPHA\bp_remade\no_mip_fixes\ui,false,true
0020c7c1,d1f1a53b563c7c412ca29a2e67207d3086a0ba93,1a3a42e97d48db5b8a61fdb21cf57b3bbaf768f6,false,mc textures\HAS ALPHA\bp_remade\no_mip_fixes\ui,false,true
0020e3c2,60f9be6c53eac115e8dde687ffe65ce2e0e6eb23,91592a0018e985d81fd6f58429570d2c80a8e1d2,false,mc textures\HAS ALPHA\bp_remade\no_mip_fixes\ui,false,true
0020fb52,c2dd1baff70c5f98a14e8e78717d6b342f96869d,bc0f4b3363da45e64a7af007b00d98c07bb28ea5,false,mc textures\HAS ALPHA\bp_remade\no_mip_fixes\ui,false,true
00212016,9d59b80bd1501901f9179688b6f6438e1c62c7f0,6f42c933a67d32b9d42aec919135901f9e42a2cf,false,mc textures\HAS ALPHA\bp_remade\no_mip_fixes\ui,false,true
0021e3c2,2f16bf680db70eaefd3b957a6db6993945f547bf,cf2cb81c9eeccacc74425500604ba48653870964,false,mc textures\HAS ALPHA\bp_remade\no_mip_fixes\ui,false,true
00222016,36720833c65cb5776b0a9e3d92b7f7abb2c901aa,bb8f93488b48c321fd6034b4401463cb3fc41097,false,mc textures\HAS ALPHA\bp_remade\no_mip_fixes\ui,false,true
0022e3c2,f16c1815e306e577bbfd0beb0feb998dc834d9d6,3b45f3cda49c27f77b66c4f1f1ee2a6a1fd14e2e,false,mc textures\HAS ALPHA\bp_remade\no_mip_fixes\ui,false,true
00232016,0180f948e688b675526e3144bcfe062b444363c1,0be3c9e3bbe7a675fbd5181174214caffff08aeb,false,mc textures\HAS ALPHA\bp_remade\no_mip_fixes\ui,false,true
00232162,af239b6f99ebdf2e680d6ec4d1b1e5daa3bfa9cf,10cf21d2ad1b273205415551637371a22def2500,false,mc textures\OPAQUE\bp_remade\no_mip_fixes\ui,true,true
00238df3,0bf6ec9b466e7569722a4a104faddeee5f9bf901,5259530c4324d43a12c19f477af13e7ee3d4329f,false,mc textures\OPAQUE\bp_remade\no_mip_fixes\ui,true,true
0023ace3,2b9e590bb92f3e02f7e7da8560796e9b582b868e,fa0cf6fc866893823c4198f82c9f2552091e18d4,false,mc textures\HAS ALPHA\bp_remade\no_mip_fixes\ui,false,true
00242016,cc04d806abc7ac9631ad97449e0009abd765378f,646b83e7c2a5097cea486b2306276ee43be68017,false,mc textures\HAS ALPHA\bp_remade\no_mip_fixes\ui,false,true
00248df3,0b2f161d865c4c5f4043fc54c15455d055332c4f,ac169d571318a473f2bd70c98135208783bad1e7,false,mc textures\tri with alpha\bp_remade\no_mip_fixes\ui,false,true
002515dc,b47370c2aad21ccee05a79758ac35dbb21cbd020,0ef2e9fc069ba00627287a1743ce35d494f615a8,false,mc textures\HAS ALPHA\bp_remade\no_mip_fixes\ui,false,true
00252016,b6ceb47e1c4e9ca9186b4cb3cceabf43c4161139,6c9295461bc563b2648da849f405c1a77bb868ec,false,mc textures\HAS ALPHA\bp_remade\no_mip_fixes\ui,false,true
00253181,67c852cc8639181dedec794ca3f2cd5ba13b75cc,873eba6163a3a6e2fc7e233550c1c4fc9b9c8a90,false,mc textures\HAS ALPHA\bp_remade\no_mip_fixes\ui,false,true
00262016,eadaf6f8adf0608508b934883e23bb66084f3573,261088bff7d1446cee52410b45801bb389947542,false,mc textures\HAS ALPHA\bp_remade\no_mip_fixes\ui,false,true
0026f2fc,f77a65e7f022afc0e966c5aae4257bf11076689b,cf74250b337f25bfd8a6c32ed05052f8d5855e99,false,mc textures\HAS ALPHA\bp_remade\no_mip_fixes\ui,false,true
00272016,4919de26f6cbe0884a7bd5aa41c6d93d96ea258d,4191de942506ab477c8f16f5c93afa16d5191f57,false,mc textures\HAS ALPHA\bp_remade\no_mip_fixes\ui,false,true
00273921,6a5022da2dd4b1f54fccbbe97941ec791ff9af06,a4400e338a88ee6e3d9455bedd280165d08fec84,false,mc textures\HAS ALPHA\bp_remade\no_mip_fixes\ui,false,true
0027ccec,fa07a468c1459340ebacb3bed0a269fb004134b4,4da26660b4e2c5542e6f1cea358f9d97dc4f0ab2,false,mc textures\HAS ALPHA\bp_remade\no_mip_fixes\ui,false,true
002be6b0,1002ae5484773cc9e042c2c9f40527016b1d3bfb,60fd6a9103c0460d5e7f66d0571ef86cf37912ea,false,mc textures\HAS ALPHA\bp_remade\no_mip_fixes\ui,false,true
002c9415,52973ef994d265187515d39e56d59cc9209b0cdc,a25c33b5caa5faa4c33771ec5e055ed162862198,false,mc textures\HAS ALPHA\bp_remade\no_mip_fixes\ui,false,true
002ca269,a00e73c9fb4d7b349a205dd6ea19170948dd9521,47f49b1a6490be58fd51a06d9fd67327373bcc54,false,mc textures\HAS ALPHA\bp_remade\no_mip_fixes\ui,false,true
002ceb42,f19c09dc9abe95f5d88612c7d43f1de372be8b59,40476586a99aadff22894aff05deb8fd85107641,false,mc textures\HAS ALPHA\bp_remade\no_mip_fixes\ui,false,true
002d83df,2bbc67e1b46588aa8f8e08e402f9ccee8ec8f3a7,225dc78f7c4c71d1b461e292c3e8de517efe50b5,false,mc textures\HAS ALPHA\bp_remade\no_mip_fixes\ui,false,true
002d83df_d6d6e25cebf411fbdc10afdc75e6c763,be78633e80a3782e17d35799d282a0966faf2521,1615c6f7195721a2e382168d020843c041515713,false,mc textures\HAS ALPHA\bp_remade\no_mip_fixes\ui,false,true
002d83e0,f0a7f5f550ccb0133e9fb587a6e40a79bbdd74d9,722fe8cc0c44e92cd9702d1be31fc5ee3c9b8e9c,false,mc textures\HAS ALPHA\bp_remade\no_mip_fixes\ui,false,true
002d83e0_fe14aedf8aead9e025a71608da78f12d,11734e42bc7b1f4de92483c3d92c9d6204357096,637fdb9164013cbca1bcb381bb8cf60a940313a8,false,mc textures\HAS ALPHA\bp_remade\no_mip_fixes\ui,false,true
002d83e1,ff3cf3757f16479313cd2a663dc9eb4dc7d3210d,ab2ef4fbb8510e192f04e3ac05a801144bba3de2,false,mc textures\HAS ALPHA\bp_remade\no_mip_fixes\ui,false,true
002d83e2,73533c8c3300c9b97a6afb28be2630997ec42294,12071763331055372764e16d8a8f6afb5ee33b0b,false,mc textures\HAS ALPHA\bp_remade\no_mip_fixes\ui,false,true
002d83e3,750bbc31731d0110c29b19dc7b63925f6cefac30,14b62c1d6135bfb8cdb37b25d2366b6e6e81bf79,false,mc textures\HAS ALPHA\bp_remade\no_mip_fixes\ui,false,true
002d83e4,ec5ac08de242aaf3b6b9b6a8f27fcd2939a78d42,e24498f6744e1e17659a8cc2b79ebfe058a8ed9e,false,mc textures\HAS ALPHA\bp_remade\no_mip_fixes\ui,false,true
002d83e5,ace575e4c9782f6bc0d72ec5b570d3ad9d83ab78,dba2e38ba1a33db442e0949e0aa1dc06349458e7,false,mc textures\HAS ALPHA\bp_remade\no_mip_fixes\ui,false,true
002e7dde,09aa1a671d5869057c27280d4ed780f380987739,f4e2d2ce75d5b085d63efb60cde5621d1327abb8,false,mc textures\HAS ALPHA\bp_remade\no_mip_fixes\ui,false,true
002e7ddf,b46e5719443c65f2180a1bfa0aa773ed8901eec8,0a7ea496059c214a47e62d89da968d27510680dd,false,mc textures\HAS ALPHA\bp_remade\no_mip_fixes\ui,false,true
002e7de0,820ebed09551e9d0d5563a16d04b2403a4e8ed2d,b28001ea1959403174936ecc021bed44d969f836,false,mc textures\HAS ALPHA\bp_remade\no_mip_fixes\ui,false,true
002e7de3,01a48c5c1817c5d7e4f4492551f8a65019c11d76,bb950f29d3cfabfc716b990f4579e99e3e79c70b,false,mc textures\HAS ALPHA\bp_remade\no_mip_fixes\ui,false,true
002e7de4,cbc6f27d6c199a44f82b701f22fb8c721e9fd5ab,91ee9326233118ebf0d9eed0ae85e83f735d0750,false,mc textures\HAS ALPHA\bp_remade\no_mip_fixes\ui,false,true
002e7de5,25b7acac2d00162c14d23a58cced2a28869b3a3c,bc5578a014a6c17c4aad9ad04c9670f578f3f49b,false,mc textures\HAS ALPHA\bp_remade\no_mip_fixes\ui,false,true
002e8486,fb5792ac307ffbb33e21b9923afd39d95486ed4a,dcd24440f654f50df3f5d2258e884abbdb657b2e,false,mc textures\HAS ALPHA\bp_remade\no_mip_fixes\ui,false,true
002eb6f9,73e23b597bc37c25fce4f6f6d87d93426a2a3059,dae1e2d54961d4ab6b8fdc9b4f05cd88ff873235,false,mc textures\HAS ALPHA\bp_remade\no_mip_fixes\ui,false,true
002f0bd0,adbffee2740b6e8f0aec88e673e3165d968c8e59,9989e0a2f3fc27cf8618e5d7476c672fe6301636,false,mc textures\HAS ALPHA\bp_remade\no_mip_fixes\ui,false,true
002f1bd0,4870192b35647a4fd7326249961a611239104e61,35f3ecc11909c51022b5451b84b182c801c45f20,false,mc textures\HAS ALPHA\bp_remade\no_mip_fixes\ui,false,true
002f2bd0,611c16bc3a3bbeb0488642bdb2eb29cadc827b84,a8f5ce285e3c45e17c25acdaf7b4dd65eb2e32ba,false,mc textures\HAS ALPHA\bp_remade\no_mip_fixes\ui,false,true
002f3bd0,3e96ba37c860840b46a7abe72cd7c72b90d999b5,2518190fa42363f118501a7bffd5d574948b8870,false,mc textures\HAS ALPHA\bp_remade\no_mip_fixes\ui,false,true
002f4bd0,ced8e6128335429d179d2e1a1f578c2a0ac9700b,931435210ee26ffb4b2e393b6cff76af9878feab,false,mc textures\HAS ALPHA\bp_remade\no_mip_fixes\ui,false,true
002f5bd0,1a62659c32244bc2e46534b0e3698ce3c7cadf72,395c1c6f2b1dbc317f1f520a81269eb7e0122346,false,mc textures\HAS ALPHA\bp_remade\no_mip_fixes\ui,false,true
002f6bd0,b74d68049bec9f2a135b12172f57d58f3062c490,c3b4e50a799f1a958ff788dc65706b399c173aab,false,mc textures\HAS ALPHA\bp_remade\no_mip_fixes\ui,false,true
002f7bd0,d9c1669d1ddb6bc9050c24888d3252fa76066721,0c0ab9374dd00021ded5435352e663ebffda7e51,false,mc textures\HAS ALPHA\bp_remade\no_mip_fixes\ui,false,true
002f8bd0,5b35fa47640802db4d07e5041b66b917b5375ede,cb03fafcd1f094afa814533653f651a829f54b47,false,mc textures\HAS ALPHA\bp_remade\no_mip_fixes\ui,false,true
00304ad1,3c51760f04538fb64d5250112a9525299586e8e7,ceb61d277dcd9befda66123f59acdc5871a9fb1e,false,mc textures\HAS ALPHA\bp_remade\no_mip_fixes\ui,false,true
0030e529,ec9d28dfaff945e54a826ad2532eeb1442119039,d0401f4906ce1517faec0e09d90ffa32ab9a667b,false,mc textures\HAS ALPHA\bp_remade\no_mip_fixes\ui,false,true
0030f164,3969cd1ac9128cc3ab5b34d6ba9e67e557e49700,9b6cff2be2a473cf44a8b9e7de6991e8c4dcf0f0,false,mc textures\HAS ALPHA\bp_remade\no_mip_fixes\ui,false,true
0030fbd0,3dcd704e8f8c324058620b15bc620cb6e8e8e284,7e79e69d16165badb5df98439bb367c0eab46d9b,false,mc textures\HAS ALPHA\bp_remade\no_mip_fixes\ui,false,true
00310ae2,4856189c6a2792e7de4be3c2019c26c6ddf1691c,7544de4ac4ab6c13b60a036c4f4e48c7c24b01eb,false,mc textures\HAS ALPHA\bp_remade\no_mip_fixes\ui,false,true
00310bd0,cfb3704ef0518210756453c2e6d945dbc2f7e9bb,9bb39c540055f3aa242a74f373d61cd3d0c9a2c2,false,mc textures\HAS ALPHA\bp_remade\no_mip_fixes\ui,false,true
00311bd0,9480a8ab886b1692c5b9579be76fadd1f121677b,86a56bb85edcf7b040067ec5f97f247bb910be16,false,mc textures\HAS ALPHA\bp_remade\no_mip_fixes\ui,false,true
00312bd0,1a2190761d46bf279bf05d4a49c6dbbf51b713c0,f5b52a80e5d1adb3409b34011ecd6a3fac7601c1,false,mc textures\HAS ALPHA\bp_remade\no_mip_fixes\ui,false,true
00313bd0,5896d36cad8df215d8e87f6ab620c28736337a30,ecfd94a08aa8e1080c117c5b70ba3c014c664666,false,mc textures\HAS ALPHA\bp_remade\no_mip_fixes\ui,false,true
00314bd0,3cf4a96dc89c0f61f497035da2b534fd92b50f42,ad53964708ac9a1fbf8c3b6688e1f0f209313f03,false,mc textures\HAS ALPHA\bp_remade\no_mip_fixes\ui,false,true
003155d8,4d0255403ed1b5ae577372bbb886f2e9cbcfd98d,37608f67fd62870d54d0ba1d1df13f1ea75fee6f,false,mc textures\OPAQUE\bp_remade\no_mip_fixes\ui,true,true
00315bd0,09d14eea6ca39102ab07c15e096513897e722108,2f12f5ff950c7e9e5e88498f86c77b1c1bc23fda,false,mc textures\HAS ALPHA\bp_remade\no_mip_fixes\ui,false,true
00316bd0,da39033149ad4441cab0706a7b78567c2b4a9965,df776b1b222b429310a13f720b879749c0f56cf3,false,mc textures\HAS ALPHA\bp_remade\no_mip_fixes\ui,false,true
00317bd0,91a0f5dfeb3299f415c5e87e4c6521cf72e4c94f,47af1b1681a4fef69b67849531b84a6a957170ae,false,mc textures\HAS ALPHA\bp_remade\no_mip_fixes\ui,false,true
00318bd0,2b3d47622fe2de36339e100eeb1095ab668a82b4,5ddaf704827ae29736344d915c8d785f06ea3760,false,mc textures\HAS ALPHA\bp_remade\no_mip_fixes\ui,false,true
0031ead8,0d7bc1640acafa61529e15b17a96f2f48c42ebbe,29330dab6aec20cbd8260d7f7ffb26dd0b104970,false,mc textures\HAS ALPHA\bp_remade\no_mip_fixes\ui,false,true
00324ad1,b56ccfc4d24bfded3d327a2655da6eb1506b69c7,fa8fdbd8b54d20aa17a09f885ddbfd3b5d2aa9d7,false,mc textures\HAS ALPHA\bp_remade\no_mip_fixes\ui,false,true
0032ead8,e094a4f43fb9d331575cd7ea79ad7610675a7d0c,3da408b2242671de3a79b5578ce81f2795da095e,false,mc textures\HAS ALPHA\bp_remade\no_mip_fixes\ui,false,true
0032fbd0,7052c95a6cf868fb939f0721932e32e24e9b301e,5a6cb76de0fa02f33ce72e6b70c1681f0564204e,false,mc textures\HAS ALPHA\bp_remade\no_mip_fixes\ui,false,true
00330bd0,c57ab0f91d6882ce0a8ce4be19b04401721200e2,47b8872bac3ee3710ecd4beccfdb00984030e24e,false,mc textures\HAS ALPHA\bp_remade\no_mip_fixes\ui,false,true
00331bd0,daa43926896631da4d671ee6f8ea6d995c646340,13ca11170418056cd9d9a6d7b6ded35d66dfd06c,false,mc textures\HAS ALPHA\bp_remade\no_mip_fixes\ui,false,true
00332bd0,437544375db82dfc2a372d64f328f818e38b5393,f07ca34afd225f1c02bfd06227fe0585221394a4,false,mc textures\HAS ALPHA\bp_remade\no_mip_fixes\ui,false,true
00333bd0,0de3ab4378d22a7949433b3cb1899195461047fc,a5c07f8e7c062b9f66e03414fa90264c598b9a79,false,mc textures\HAS ALPHA\bp_remade\no_mip_fixes\ui,false,true
00334bd0,24ddb660aec720fbef1b404329ee8e7d0663d518,b19f43ddcf1a89417394b705a9f79f226d51a5a2,false,mc textures\HAS ALPHA\bp_remade\no_mip_fixes\ui,false,true
00335bd0,7d7649eadca67d6edd8f6e72943491860d779350,2499d03e756badabb7e59552a449b92d9f3c95f0,false,mc textures\HAS ALPHA\bp_remade\no_mip_fixes\ui,false,true
00336bd0,e55fa63e5d94ab51ef63c4e8225cb0f4275d7a0d,e0409cf3adefc497c827d4cf652198068c592b14,false,mc textures\HAS ALPHA\bp_remade\no_mip_fixes\ui,false,true
00337bd0,e4a8955567c3da455bce5142b7beb3fa74db70cd,d034c4eed4d14d0d365bf6c3ce8763e624552258,false,mc textures\HAS ALPHA\bp_remade\no_mip_fixes\ui,false,true
00338bd0,a1cafb5b0363de2a8b69bdcf47e04d188ba4df6f,3f1957961f7042119d48fa9eb0f18672393bedf1,false,mc textures\HAS ALPHA\bp_remade\no_mip_fixes\ui,false,true
00344ad1,e3f536febded31f59f4d347749aba29dec4e8d9b,9342a52b72f08e694827d15cffd524d3430dc4c8,false,mc textures\HAS ALPHA\bp_remade\no_mip_fixes\ui,false,true
0034852b,1a7d3c4b161ef3698c9d0d820d43789030ec2cf7,dfb7797b4121f8be379e0f849f7d683818f5f2e1,false,mc textures\HAS ALPHA\bp_remade\no_mip_fixes\ui,false,true
0034fbd0,08ed684a6a548809ffa221a393a866fb21949003,c92ca94a2930aa09f5a1de1be82ba6cc7754eb94,false,mc textures\HAS ALPHA\bp_remade\no_mip_fixes\ui,false,true
00350bd0,e1df95f3e1d3c4bc10b1f579947614dda2e78431,7551469795d536549883d93a7c78e4d41ed65af8,false,mc textures\HAS ALPHA\bp_remade\no_mip_fixes\ui,false,true
00352bd0,2724347a6a8c388b80c51b2564e06b6432bff227,d3e85a32be565a6e0f2a03b74bef59121a65c21b,false,mc textures\HAS ALPHA\bp_remade\no_mip_fixes\ui,false,true
00353bd0,c19c06fff4eee9fdf3459d3501f0cee5e7b463b3,475e2e791918072dab3af08dd590d9a6687efb56,false,mc textures\HAS ALPHA\bp_remade\no_mip_fixes\ui,false,true
00354bd0,3a7a278ca357a939c5d825758ab4595e8c8dd3cc,4895ad58233651dbc487431b91f438c540473901,false,mc textures\HAS ALPHA\bp_remade\no_mip_fixes\ui,false,true
00355bd0,1027f8e4eac51fc4157b7cc46e875f788856a417,ee88aaecdabf9d6cdc7aaff95213741495fff33e,false,mc textures\HAS ALPHA\bp_remade\no_mip_fixes\ui,false,true
00356bd0,099f9ba387c50768535551e70fff152e5aad191d,64668444f18931a9a26a1e65fd8b08f5e5811e5d,false,mc textures\HAS ALPHA\bp_remade\no_mip_fixes\ui,false,true
00357bd0,562c218e6d437bee8e6ef3b00e6172e227273fd1,076ee4e56cebaa21eb584057a4d1f994b8c899d4,false,mc textures\HAS ALPHA\bp_remade\no_mip_fixes\ui,false,true
00358bd0,6994d7f2a36be40fcff3840db920d447511ef885,87af1e1b355d4a328c093e6c6730842bf8b03888,false,mc textures\HAS ALPHA\bp_remade\no_mip_fixes\ui,false,true
00364ad1,db1e71fc0fad74196ffba1844d3cf987471c7e0f,d5a6b5d9970f4aadb0157814eecf10f20104ef3f,false,mc textures\HAS ALPHA\bp_remade\no_mip_fixes\ui,false,true
00367807,ebb1409e61d89269d4bcddbd1d69d4d66a9d4342,aba9f01bbe377c423f69528761de0526a95c8b26,false,mc textures\HAS ALPHA\bp_remade\no_mip_fixes\ui,false,true
0036ea81,f44438e681d51cce4729b74023b1b96cfa1cefdc,7b02dfe23bf9ffbfe74178efb824cde98d8318c3,false,mc textures\HAS ALPHA\bp_remade\no_mip_fixes\ui,false,true
0036fbd0,08eadbf2757002a37034c8eac2554bcb4c158189,965a348499c7cf031b3fa9fe381b5e36a2c98aba,false,mc textures\HAS ALPHA\bp_remade\no_mip_fixes\ui,false,true
00370bd0,b70ba7511cb77376cdde7a124655647cb9f2a633,f0aa682327a5b08990112afd2c95b166591142eb,false,mc textures\HAS ALPHA\bp_remade\no_mip_fixes\ui,false,true
00371bd0,f7cbfa2a3dcc63bd6669001b0e0bbc1b94421b34,f11542e236797f7172bb3e38c03d1756a8898c51,false,mc textures\HAS ALPHA\bp_remade\no_mip_fixes\ui,false,true
00372bd0,fb194ccf0b28526233d80903fa13900378722fb7,530e320ed3e01d0dadafee29ca500b8ee7ac33b5,false,mc textures\HAS ALPHA\bp_remade\no_mip_fixes\ui,false,true
00373bd0,64201459560006164671ef52e8e812f6c3ace258,5908b745d3a5101745fbb9d91635eac51147713a,false,mc textures\HAS ALPHA\bp_remade\no_mip_fixes\ui,false,true
00374bd0,db2ace5f7c3b8be8d02291d051f57b152f0138fb,fcc01acd5c2e84a6e8cc90b009ce12a38d019b0b,false,mc textures\HAS ALPHA\bp_remade\no_mip_fixes\ui,false,true
0037502a,df497db61736160cda5c0c311d7be0f4ace41e7c,66fdafa3b4f514b1d1cea2794aa02ab7b82da5e7,false,mc textures\HAS ALPHA\bp_remade\no_mip_fixes\ui,false,true
0037513a,0659b18a3094fae209f5860b315e80b431912598,e77c8d4f0b9e1f314147b0886c9166f9c72edff0,false,mc textures\HAS ALPHA\bp_remade\no_mip_fixes\ui,false,true
00375bd0,07d0355910a969fa3faf4f35acb18f49a0121382,36e01315f3b5b956ce510c106fa3e73fc367b262,false,mc textures\HAS ALPHA\bp_remade\no_mip_fixes\ui,false,true
00376bd0,d1c2a3a04c18b6ca98191ac52053b38ee13bcadc,6287c21901ce4a5a64b3c4611c5500e9eff49fce,false,mc textures\HAS ALPHA\bp_remade\no_mip_fixes\ui,false,true
00380922,e201bde78d15c65c2e8fb83be4cc5fcef038b6fb,bad61920c52c3696fb04aa817b69e2dac14ddb6b,false,mc textures\HAS ALPHA\bp_remade\no_mip_fixes\ui,false,true
00384ad1,ae914c577967df083316cc5dd6fd6253fd434b3d,22fce83b470da0b2f007e8a0943b7d052721326c,false,mc textures\HAS ALPHA\bp_remade\no_mip_fixes\ui,false,true
0038e7a7,ffabcbc69261c30dd7da3506e8a1ec56f5ec4e2a,be4811d7108f7c7a0b0549080d376ca26a887e75,false,mc textures\HAS ALPHA\bp_remade\no_mip_fixes\ui,false,true
0038f08e,6fea3212b1ca9be7936a1e2554173e2807ca8605,e65f9a908759e9329544f300397be4c38d121c37,false,mc textures\HAS ALPHA\bp_remade\no_mip_fixes\ui,false,true
0038f2a7,fe466aae9f35f75bde16a0eacf99c76bfea68b7c,9eec4229bf25dc3f1f8bc39708d7ca5647294cfc,false,mc textures\HAS ALPHA\bp_remade\no_mip_fixes\ui,false,true
0038f2a7_09a2e59f677ae755c7156ae89bea86a9,6df19a37c55eb560f61314b0910d6f68a9feea91,2d90afa37dd6b639f113711e3e999ba7bd079439,false,mc textures\HAS ALPHA\bp_remade\no_mip_fixes\ui,false,true
0038f2a7_506b55e6b21d5eaec73ca5aa5ffb9a36,ab818efb436a4527224793454aadb9bf49c7e253,5f0e76c532e6b4bfaecd30542af2c2c257aae5ee,false,mc textures\HAS ALPHA\bp_remade\no_mip_fixes\ui,false,true
0038f2a7_be3ef19531b3a85625ef614280f2874c,3227da00feebea0963059649869f5d07b96641fd,cc267c211e06ab6e1786dd2af6b5bee9feb820cf,false,mc textures\HAS ALPHA\bp_remade\no_mip_fixes\ui,false,true
003997fd,c1e4492e2f0a782c35d26510e2399eeeb1d9ae8b,ea36cce0227309a92c5bc41a5c265314c2022ae4,false,mc textures\HAS ALPHA\bp_remade\no_mip_fixes\ui,false,true
003997fd_58fcdefef3f7eda79d7e4a9f65f040ed,4399097dccc001b50c6f5d3211c93f57a207be77,a45bab23533d4d8f78bc007daefcc282a8b5a306,false,mc textures\HAS ALPHA\bp_remade\no_mip_fixes\ui,false,true
0039af8a,6d65af2d9b813da10e749ff16dcc62d61bee2bf7,f80bbdd8b00280097e5d40cfc87df607875b9359,false,mc textures\HAS ALPHA\bp_remade\no_mip_fixes\ui,false,true
003a4ad1,8106306a72d212277f3ee7e3b61f672432fb1685,2089bd4e2c7209950494d30bdae27106ab1c594c,false,mc textures\HAS ALPHA\bp_remade\no_mip_fixes\ui,false,true
003aa501,b2cbe1d543d8cd77eff0f64bdfabcf1d2dab2858,b2e0199fb65c1569d4480cfa2287be291cb1254e,false,mc textures\HAS ALPHA\bp_remade\no_mip_fixes\ui,false,true
003c4ad1,b3e7dcdf70e937b6c2cbec80ea2c46698a7003a2,3d75488f30942d668fcf945d29b0ec5a43e8131b,false,mc textures\HAS ALPHA\bp_remade\no_mip_fixes\ui,false,true
003c8502,d7900beda2ec0d434137b578495de0e89b32529b,ed9c93a722b1deb43bb384b62436d077c26380a5,false,mc textures\HAS ALPHA\bp_remade\no_mip_fixes\ui,false,true
003d8502,c866d4dae3851bfd980168b4ee924110a941fc53,7ce5bb9a48ce763bf0fd07539da17c47171e7515,false,mc textures\HAS ALPHA\bp_remade\no_mip_fixes\ui,false,true
003e4ad1,9640ff9e060c56d8d43309b1263d53164a96206b,dbbfba49911f8d01b43b95f5766e71bca95afa0b,false,mc textures\HAS ALPHA\bp_remade\no_mip_fixes\ui,false,true
003e8502,3b6ef7b68738606c07815887d3c3e88ae10eca6f,981f81149b7387f69b5eb14361325a99b4ad8d9f,false,mc textures\HAS ALPHA\bp_remade\no_mip_fixes\ui,false,true
003e9364,3f301aebf70080aa53864dd55468ba5d8508f3fa,f74b7347e84d858636d0481d1269ede14edc2c10,false,mc textures\HAS ALPHA\bp_remade\no_mip_fixes\ui,false,true
003f8502,1c53ef4782a4962ea3f89ab5a0fd9fef9f9a677c,5f6c9260f373e72ca32caee4aeccdbb3e2581046,false,mc textures\HAS ALPHA\bp_remade\no_mip_fixes\ui,false,true
003fc7c9,5da5fa1c9a2a1ac88493b74fe7d5c732db4142fc,8a614dc85f6366ee9383adf15768dfe733a2f73b,false,mc textures\HAS ALPHA\bp_remade\no_mip_fixes\ui,false,true
00404ad1,014a42f68c69c5fc2a402b6e84eb13c0df738ac4,476c8dbad95a7f3e8abac1de25d4f2cb8e067a48,false,mc textures\HAS ALPHA\bp_remade\no_mip_fixes\ui,false,true
00408502,0ee2698ce852ceda850915740ef81d07f7aa5bcf,4ae729c8ed4f936669f0e6f2c51427598bac5ffe,false,mc textures\HAS ALPHA\bp_remade\no_mip_fixes\ui,false,true
0040cd15,5b52e198e3613243a6fa8612b616fdd82476e7f9,942aaca110bb96dba5191cb3bf2935073dad446b,false,mc textures\HAS ALPHA\bp_remade\no_mip_fixes\ui,false,true
0040eac3,f8577ec1fe76fed06bf4241163b4262881bed29a,5f0bcff29f490b80423709fbee0113736e435372,false,mc textures\HAS ALPHA\bp_remade\no_mip_fixes\ui,false,true
00418502,f05d5ccf4a25c9b79d9a4953e52da6a13c46420f,79a33207408569c02d4c460844858304db1981b3,false,mc textures\HAS ALPHA\bp_remade\no_mip_fixes\ui,false,true
0041eac3,302b023308af86c0633840259401cd503ae4b1f9,bfecc64ef4964bfce8a52ab3f4df47fad67c50e3,false,mc textures\HAS ALPHA\bp_remade\no_mip_fixes\ui,false,true
00424ad1,8a107aa61e54bbe62e917582b7c54da0274f0ce8,f8e9c74e25771bd5db872e9a659d63459c63a987,false,mc textures\HAS ALPHA\bp_remade\no_mip_fixes\ui,false,true
00427069,7798b4d4f7833263aef74bf0a6f4d5781a9b1c0b,d1dbb114c3e1e2d2b68d43b8fe7b0104c8c11e2d,false,mc textures\HAS ALPHA\bp_remade\no_mip_fixes\ui,false,true
00428502,d4fdd846b26a177e95e458669403291027027530,021ede1d0384e63b8928549dbb2a0beedd6959db,false,mc textures\HAS ALPHA\bp_remade\no_mip_fixes\ui,false,true
0042eac3,e5ddf11c47e9d4f631f4cf654d478b7f62876050,c3029aae03f17f346df48c42ec9b75af851326e7,false,mc textures\HAS ALPHA\bp_remade\no_mip_fixes\ui,false,true
0043eac3,87fcde2cc20f862194e6c27461dcab731695af9f,290258d82623c359638ec9b4320803e708db6e1e,false,mc textures\HAS ALPHA\bp_remade\no_mip_fixes\ui,false,true
00443f1d,9ace120e7aff5b1db8edcfa90af2c74a5b9886f7,cb6e22b9819cbd303d58586a2713dba01937aa8d,false,mc textures\HAS ALPHA\bp_remade\no_mip_fixes\ui,false,true
00445c5a,4f0f8c952755591ab8716ed4aecd6aaf92038e93,776b6719446370c6945683d9bbf116d2dac4d4ec,false,mc textures\HAS ALPHA\bp_remade\no_mip_fixes\ui,false,true
00453f1d,421bc84212dee6307cc30777f4c037287ceeda8b,da8a2f9019c9ce0955ce2cbbc9fe912a25c6cb33,false,mc textures\HAS ALPHA\bp_remade\no_mip_fixes\ui,false,true
00459114,32603829ef3306d66622b1ba82b6461e6400e3a6,7c90d3a995c4aae03b7812001755201973b4308c,false,mc textures\HAS ALPHA\bp_remade\no_mip_fixes\ui,false,true
004613c2,8f141527aaff4ae6f9bd45f5f9d8cc57313b150c,349d5d908454d5c63421af8fa79c10635d53c5ad,false,mc textures\HAS ALPHA\bp_remade\no_mip_fixes\ui,false,true
00463f1d,56841ca96a2575a09882a487e24052dfcaf0cf7a,f62fa51b569f86dcdebe0fe3134e1f56edb651cd,false,mc textures\HAS ALPHA\bp_remade\no_mip_fixes\ui,false,true
00469114,33e6f4276a4daa63def91d77121d4d87bd62bf15,661eff2b262acabf33b343b65a297585d0642c58,false,mc textures\HAS ALPHA\bp_remade\no_mip_fixes\ui,false,true
004750b0,ab7bd444eff549f42d9fecfb0485e8d711add829,0d92d4cc3ad895152d8409e0a810c4be6e1fa251,false,mc textures\HAS ALPHA\bp_remade\no_mip_fixes\ui,false,true
004750b0_b04d2410ad3d8dfa5e0f135d4c15d11e,d2a40e1569f879fb735a772414405291b0d2d145,0e828bd73a4a373c7d7224da83ce6a4b5d009aec,false,mc textures\HAS ALPHA\bp_remade\no_mip_fixes\ui,false,true
004767e5,c85d494542939e05414eb6687828067d24397d90,1b0b3d0c17887681f8fa41ee0a03fb0126528ab6,false,mc textures\HAS ALPHA\bp_remade\no_mip_fixes\ui,false,true
00479114,887eb1a321f8387c4cbbc67b7bc9436347f4a07e,187f75feb8b86545b6f1c9211a945f14f0bbf36e,false,mc textures\HAS ALPHA\bp_remade\no_mip_fixes\ui,false,true
00481d9d,536d4d5df60dae4c4a405028a5dacef9a60c05a1,baa4b3a88c339b888b5d6cf2ef426efb5d73e541,false,mc textures\HAS ALPHA\bp_remade\no_mip_fixes\ui,false,true
004867e5,aeffd6449e2bdb2a1a29eb47cbab119256f5ada0,0e22ba27e781929cc14b84de22cd6a4a86d5df22,false,mc textures\HAS ALPHA\bp_remade\no_mip_fixes\ui,false,true
00491714,95b1b934d5e743961849ef3d3da708fa14ed9727,c59db538d898239392cc176a35f303bf2b4369b5,false,mc textures\HAS ALPHA\bp_remade\no_mip_fixes\ui,false,true
00491d9d,be06ee84ce9b2a4a2c91f19e337ee49d06fb2a39,ac6278a087cc940a04d2d3f179ae52a32e7f8519,false,mc textures\HAS ALPHA\bp_remade\no_mip_fixes\ui,false,true
004967e5,fef178dc7ce8a10d96ed9360ab4aab7e07796fe9,91366a51d9b3f2e424cb8086f091d6570e9250b9,false,mc textures\HAS ALPHA\bp_remade\no_mip_fixes\ui,false,true
004a67e5,56c816b5d95711f8c47981150290722f20441dd5,6df1864cb8b9de77ad95369fb0bf165a80f46ea6,false,mc textures\HAS ALPHA\bp_remade\no_mip_fixes\ui,false,true
004acd8a,74e14436f77a44825f7558f4ba71ce257a71c9ad,1e102bb1dc43250999dec44e1497803b4d25108d,false,mc textures\HAS ALPHA\bp_remade\no_mip_fixes\ui,false,true
004b67e5,d7daacb0a026689f6f2606fe6e2bfcfaea35abc0,1193c3c9b15b5556f4f94de5dd4fe0f39d9dd4c0,false,mc textures\HAS ALPHA\bp_remade\no_mip_fixes\ui,false,true
004c1d9d,5a9be8c9485502b21c8a28215b473fa2abcf036a,b7c54d4fac0ca1cfc01161cf8e33ae46591cc8a0,false,mc textures\HAS ALPHA\bp_remade\no_mip_fixes\ui,false,true
004c67e5,cbeae47b60748b28fc6b1b7318e61066f24041f8,f357ae5b9bd33c676ec38d83bf07c0d6ea0eedd8,false,mc textures\HAS ALPHA\bp_remade\no_mip_fixes\ui,false,true
004c943d,8a0081aebb65a1aae874f7f098b8cddb358a4d2d,994f7ada9f174ddf27825f17fc1f1476b5710703,false,mc textures\HAS ALPHA\bp_remade\no_mip_fixes\ui,false,true
004c9773,c9f92179ccf8bd4be5f38534020c8478df5a2d4d,53a93ee546355daa591ae8bcf4525389bd56d874,false,mc textures\HAS ALPHA\bp_remade\no_mip_fixes\ui,false,true
004cf0ba,720c52a8d68ac82e5f49e1c4a3c0fb2cad532b82,af56e7d495250c1e88df0a6f59c42057faeac778,false,mc textures\HAS ALPHA\bp_remade\no_mip_fixes\ui,false,true
004d1d9d,895499131d6e6072b1dd4d25be7fc1fc0d718ead,eec0115a289eced192c1ff5f9e5e51613f486991,false,mc textures\HAS ALPHA\bp_remade\no_mip_fixes\ui,false,true
004d3971,459977c5a6ec3a2ab009002d2ef0121046b6e516,0cdffec70614012e40a2e512a09c3ead0bca2ed3,false,mc textures\HAS ALPHA\bp_remade\no_mip_fixes\ui,false,true
004e6292,e6decac8bfb57c6557288faf81a33afd2ccf851f,3b496f26c125f099ce9ae8ceb285035935905b09,false,mc textures\HAS ALPHA\bp_remade\no_mip_fixes\ui,false,true
004f1d9d,c20b4cabbdeec2eded78dd11ab6c876e30bf5c78,d298f430b54f753dad19a218dffde34996cd53d8,false,mc textures\HAS ALPHA\bp_remade\no_mip_fixes\ui,false,true
004f1d9d_86994cb2425e706d85d38eb0d74da538,428307d45d417a99c6ed355ec82ea116e779b56f,15989e1b3f3998088f0851020717b08c47f69ced,false,mc textures\HAS ALPHA\bp_remade\no_mip_fixes\ui,false,true
00501d9d,eb0b5ba5e2bf78722c36e08115d92f76d4f511b3,b838d1ac6571034ff8c6acd10a2f519109d0b9c6,false,mc textures\HAS ALPHA\bp_remade\no_mip_fixes\ui,false,true
00501d9d_1914ca0e502000992f2d09f0b7a86868,eb0b5ba5e2bf78722c36e08115d92f76d4f511b3,b838d1ac6571034ff8c6acd10a2f519109d0b9c6,false,mc textures\HAS ALPHA\bp_remade\no_mip_fixes\ui,false,true
005155d8,676f3e937dd98e6a5f05885ec910aca08891ec6a,99b7c334f82cfb7290f7a325bbde2783bd23cc02,false,mc textures\OPAQUE\bp_remade\no_mip_fixes\ui,true,true
005255d8,b2842670faded7a748e67ef6fb599d4fc66f7307,a1256014a1c5f30991e976046bcbd1462316019d,false,mc textures\OPAQUE\bp_remade\no_mip_fixes\ui,true,true
0052f1a8,4f97320f65bade5b5cf2a83854804994b52a0873,4893b7eb2e01d11876010aa79b05b4f42647ec43,false,mc textures\HAS ALPHA\bp_remade\no_mip_fixes\ui,false,true
005355d8,0892efdb1e2ea99292d400ec0e7629262e695665,16766988e4906761c384b2302cf13bdb188192d6,false,mc textures\OPAQUE\bp_remade\no_mip_fixes\ui,true,true
0053852b,fa9b1528aa84ca937b325c9e747aba713daebc96,0069c4ba4a54e5c67e6ecdaeacc471cb80715375,false,mc textures\HAS ALPHA\bp_remade\no_mip_fixes\ui,false,true
005480d6,ae69311f2cbb44080ff736b336adae6e631191d0,4d1c03670ecd0647944d25c06e05a40d63918957,false,mc textures\HAS ALPHA\bp_remade\no_mip_fixes\ui,false,true
0055e1c2,2220866314e3894573411c90361ff8857120635b,e07c388294d00b6df1ae656f0cfd5353dd79d739,false,mc textures\HAS ALPHA\bp_remade\no_mip_fixes\ui,false,true
0056e1c2,e0c74f4efc8113f4d5ea4984a4c193faf7cb8010,e82dc8ec2cb23f4c6f7d218e537617f06b9fdf2f,false,mc textures\HAS ALPHA\bp_remade\no_mip_fixes\ui,false,true
00585d21,046618881976653bd2014b829afb25a9399f5204,24be7659e206f246fe6b39e8e13e324ab3928837,false,mc textures\HAS ALPHA\bp_remade\no_mip_fixes\ui,false,true
0059975e,641e94112287144b8f489c7ec6a0b9364dc1e8ca,ebf90a3edfce52628fd602da06c52ee642e20812,false,mc textures\HAS ALPHA\bp_remade\no_mip_fixes\ui,false,true
005be756,420c8bbcc13bfc1da6429b8189d532e76bd1a626,6ba6d708b5ff215081c630e775dbfd5d84b623be,false,mc textures\OPAQUE\bp_remade\no_mip_fixes\ui,true,true
005d4f23,7714e4bed6e22db85867a03d018efc90e35db6eb,efaae6da07ca22f1dc2ee93e1604caaabf663a4e,false,mc textures\HAS ALPHA\bp_remade\no_mip_fixes\ui,false,true
005d4f23_b39e4e9a25db3103157377fb4b8b0fec,1d869da5a7fe48e7786744d3d02e747f3c08eac1,198ed01d91e42ff832caac054fd884b5ae381c9b,false,mc textures\HAS ALPHA\bp_remade\no_mip_fixes\ui,false,true
005d8f6f,c28f8e41d4e1d754b5c1c5e2d0f52e7a10d48a11,6dbe11c223fb2b4b19ab00f870d47091552c538e,false,mc textures\HAS ALPHA\bp_remade\no_mip_fixes\ui,false,true
005db736,d4b597a8fd67f39a5177f7fe136be526311b6138,e31975d57078e0edbe875718903648d33d04f19f,false,mc textures\HAS ALPHA\bp_remade\no_mip_fixes\ui,false,true
005ef82e,3a1a24341fb38bc9f8acd74a7d55c29477e9fdc0,60646663a44c6eb3c03e4989a5dd87565f029b52,false,mc textures\HAS ALPHA\bp_remade\no_mip_fixes\ui,false,true
005fbe37,09f7a3d811e44ad871acaad7f461046aaa7910c3,0da3281aaaa36991a70abdda0af2005f5d9bbbf6,false,mc textures\HAS ALPHA\bp_remade\no_mip_fixes\ui,false,true
005ff82e,032113b409f0a71a865e3ea2187d00a19ac49280,ed27b9eac49fff465ab330987b88dff6db3fe5e3,false,mc textures\HAS ALPHA\bp_remade\no_mip_fixes\ui,false,true
005ff82e_177b36c205877f0112c491da63538970,d2aab4530f6c6bc4d2d9a838c4426d9f91ae9ae3,28285bb0782975e7b9d6fd7d6ec2162aa2977c3b,false,mc textures\HAS ALPHA\bp_remade\no_mip_fixes\ui,false,true
0060f82e,37f3ebfd1f4be95a5e24ed26307b07fbac6aff0d,1bfc1b7d9cda59d491d6ae1bb982c03914225931,false,mc textures\HAS ALPHA\bp_remade\no_mip_fixes\ui,false,true
0060f82e_0264bded5e12e838c3912158a2f4d769,681371b0f1a165ec8808e70ac24b0acf657c5ca0,61b8b0e68bdadb22f8d0b7eb3383641d605e7147,false,mc textures\HAS ALPHA\bp_remade\no_mip_fixes\ui,false,true
0061f82e,51264820ac41a42a8b0d8a1e317b01a049e85eb6,5fb88fe941cd205ad3fa6b0e39b0116e4da8e634,false,mc textures\HAS ALPHA\bp_remade\no_mip_fixes\ui,false,true
0061f82e_ca18611ab4a038674f959c4e94e7aede,d8fbccf336e37ac01eae0bd38a4cd75d9e2a6b3f,df96adabcd16fd8c178588b64e0c67e5942a8901,false,mc textures\HAS ALPHA\bp_remade\no_mip_fixes\ui,false,true
006209d0,9f4e2df94ef620802ca86b951949a50b87a3ecd8,6e287ce9d35305bb727df1532fe28866e7f0bdb0,false,mc textures\OPAQUE\bp_remade\no_mip_fixes\ui,true,true
0062f82e,4ad625e591d5b9619dd7f8b395f9f4318de187c0,3155e8e59ad26270eaf004eb332a69d027bafad2,false,mc textures\HAS ALPHA\bp_remade\no_mip_fixes\ui,false,true
0062f82e_3db2c3061fabc2281c2dd6b4130eedb9,a401d28cedd2657397afe4f06360d70e90e8b232,2186f34b59e886dc318b0d3e83406b1fefea24bd,false,mc textures\HAS ALPHA\bp_remade\no_mip_fixes\ui,false,true
0063f82e,59b3793c196e061214488a5952c06213bea930c2,2bbcca58762975fa932097e45b5d38fdf683d389,false,mc textures\HAS ALPHA\bp_remade\no_mip_fixes\ui,false,true
0063f82e_52b985aaa92b3207cd49053dffbf523d,2cd68acf771518eb5495ed2b5a86f524300d5549,47c0a76fcf3630fec5ba9a2ce317966db4163f49,false,mc textures\HAS ALPHA\bp_remade\no_mip_fixes\ui,false,true
00645d05,ba15a667c91af79fccae32d59e15fbb1f32c27ce,7c1edc42108cd30ce22c2a52e0e919d3c44ed44c,false,mc textures\HAS ALPHA\bp_remade\no_mip_fixes\ui,false,true
0064f82e,85ab6315ad7e769c0f70bff7f884f0ca4dc19e82,835e744e136d0553a98268ecea59b4aff1c7d8fc,false,mc textures\HAS ALPHA\bp_remade\no_mip_fixes\ui,false,true
0064f82e_923078466946a3acdea05dbf22e0f6e7,efc7f8131ad22bc3eaef9eb42162d2d2ed6c67b9,da42be5ca67f63b4c3613b8b8d4b78691a8e63ff,false,mc textures\HAS ALPHA\bp_remade\no_mip_fixes\ui,false,true
006597ed,7e170eec1ecd919b676a1f41d949235235e49cb7,5bce6ab7508442ce47048bb2b1130d7cb24de11f,false,mc textures\HAS ALPHA\bp_remade\no_mip_fixes\ui,false,true
0065f82e_599e1a822c915823a768daf1f6ee7174,274a43dfa1d4242ad2b4d8e6cc6ee3e5193fdd41,0d600dfa336ef216bdcacc2250da24a4d0dc4822,false,mc textures\HAS ALPHA\bp_remade\no_mip_fixes\ui,false,true
00667ab6_ef3811ba64502191909b0210b17b8b02,99f0f95f196990292a9ab7f0e398771f547975ec,46486192d1dcf739b67f82ec5b8da90c338fec50,false,mc textures\HAS ALPHA\bp_remade\no_mip_fixes\ui,false,true
006697ed,d533deaac86c4c8742873ac1d5aabd739209fb02,aedee08b75bca51a1a02a2c82f8fb1b2ed8d87d7,false,mc textures\HAS ALPHA\bp_remade\no_mip_fixes\ui,false,true
0066a618,428f4888d3a9a09513e4ae6eab8f8fd9b53b69ce,d2bd35b4553ea585e515c57af6b50f543b9e6f4f,false,mc textures\HAS ALPHA\bp_remade\no_mip_fixes\ui,false,true
0066a618_476d380161520ae923d8f74ede9a2e8d,09a3f326b5e9be1e9de29e3cb6fda62ba5547d25,dcea0ecbe7673f6de74170173a1279c7acd2d200,false,mc textures\HAS ALPHA\bp_remade\no_mip_fixes\ui,false,true
0066f82e_e37d08b66c98c80f675d8c6d9a2cebdb,fcf0b0f175b7cb6f210ff7f27e3fe1d4c5a31be1,d0bf44bd768c92b5255ddb91e5287ff9aeb17ed6,false,mc textures\HAS ALPHA\bp_remade\no_mip_fixes\ui,false,true
00671d9d,af5fc9d853c5f3b7af12956adb7108eea4a2222a,eb3c6f17cc0b35f966d786a36cc6e1dbca22bb16,false,mc textures\HAS ALPHA\bp_remade\no_mip_fixes\ui,false,true
00675c5a,4ba343e57399d94512b7ba2eccf50b015a14c3d1,2e37fea1eab164566f24cc5b56bc15c43441e67b,false,mc textures\HAS ALPHA\bp_remade\no_mip_fixes\ui,false,true
0067a618,763de6e2f84bc788df7ae7a59e2dfe8b8689a6dc,dfb8bfb0497d10c950c78cd638a18a986f9575d3,false,mc textures\HAS ALPHA\bp_remade\no_mip_fixes\ui,false,true
00681d9d,7de4f6129e14c5125a3e3dc371571fdfd0e7fab8,022c64096a403dd533e6c9dc8128b1c378b2ca4c,false,mc textures\HAS ALPHA\bp_remade\no_mip_fixes\ui,false,true
00689021,3e50ebba68582d9c429f2ced3c33aebadf63a3bb,1c260b3caa3b228c5184dc34ffda81be1fbade59,false,mc textures\HAS ALPHA\bp_remade\no_mip_fixes\ui,false,true
0068a618,310032891f5c50ef1a004bb3ce0266fd7ce368bc,2411b9bef291a95f41868601b9748795bb88b0ff,false,mc textures\HAS ALPHA\bp_remade\no_mip_fixes\ui,false,true
0068a618_ba9ef0a583a2d517886f9b6c53e96e92,644821f4e5a069dadde7b582e3a4059ce74e2e72,7e72fa635a7539b74cc229f6aad4d33f18f03a7b,false,mc textures\HAS ALPHA\bp_remade\no_mip_fixes\ui,false,true
00691d9d,e758da37f9dc8c6c19a85e3f186767fb543749d3,49601005424a2f0c5ae4cbf751eefe73fcaf61c0,false,mc textures\HAS ALPHA\bp_remade\no_mip_fixes\ui,false,true
00699021,c595ce1d290c8f8a96a67ce58dbf53e118f46c47,3fc2ef510ce3e9333b7a5831d65344281aaa9065,false,mc textures\HAS ALPHA\bp_remade\no_mip_fixes\ui,false,true
006997ed_b20d65f1089467ce6fec4d3a8c8134c8,efb7d409c5e97bb3f373f8dfa93e4303e4d60d2f,6c342ab7cf17fb0f523b106763c4e9f66c761ac9,false,mc textures\HAS ALPHA\bp_remade\no_mip_fixes\ui,false,true
0069e496,2c5c1bc2903d1cd9dc15733c38a0df9948539df1,7363dcf9a94a2be808484bc39e33f06053f6d0f3,false,mc textures\HAS ALPHA\bp_remade\no_mip_fixes\ui,false,true
006a97ed,f4c956807f28ee89165e0b081d4972e7ebe4bb88,7a544224248c106fd2ec81811e9c6677e4de6d78,false,mc textures\HAS ALPHA\bp_remade\no_mip_fixes\ui,false,true
006a9dfd,d1ac96576224376d2befe3c1bc7a5f73b4032800,1befd63f20810cf4ca1da092264bfc616e8c07f8,false,mc textures\HAS ALPHA\bp_remade\no_mip_fixes\ui,false,true
006aa618,10cf09abd2e712a7b8c738305ae4bd1b61beff38,c43a2b56d078f876bf817b5a42234233afae1a9e,false,mc textures\HAS ALPHA\bp_remade\no_mip_fixes\ui,false,true
006aa618_5e5881ab87a4498b100e3983cca31058,2cd6b418fe528b2174eb264b49bcc6e19eefe469,f9a7141b7087d5730bec5bd999b5dc20012a3b11,false,mc textures\HAS ALPHA\bp_remade\no_mip_fixes\ui,false,true
006af2ba,6bbe86e67992ac82cb66db21a06f99a19d8dd622,34c3028f53febcdfce0f22ccb3677e972f6e6a6a,false,mc textures\HAS ALPHA\bp_remade\no_mip_fixes\ui,false,true
006af2bb,dc4b5412701a068d86397476a1cbd02469b002b1,d4d217830545d53c6930f5f2f39ddbc89a18d873,false,mc textures\HAS ALPHA\bp_remade\no_mip_fixes\ui,false,true
006b325b,b81bc4a3cdc2d37bac64725f53042fd6597353f2,0c7b30d83cff99bd9c10fa9ba06476f4966e9755,false,mc textures\OPAQUE\bp_remade\no_mip_fixes\ui,true,true
006b508f,4002b22915fe541f03fd9439067dab57505afb90,6c5410fc53b6a8552e7a32fba1e69e2a6ce90765,false,mc textures\HAS ALPHA\bp_remade\no_mip_fixes\ui,false,true
006b5ae3,b3daed70e0fd2a19e0bcebcac88de9dd1d692886,3eb40dbb8d219750a72278ad633a49a73648e0d6,false,mc textures\OPAQUE\bp_remade\no_mip_fixes\ui,true,true
006b9021,7c043396ba2f482b5a58ef00e2487ac0d26072a4,ef642b28028590b23fb9afdc82d280f7027b3d7c,false,mc textures\HAS ALPHA\bp_remade\no_mip_fixes\ui,false,true
006b97ed,072c7e1e88d42a387ae5da91094201c0f329554c,fe5eb799e50b4fafff5f96e2825b526b7c130c9d,false,mc textures\HAS ALPHA\bp_remade\no_mip_fixes\ui,false,true
006ba618,0e4f4852dc29a5334484b9bd3807a0450d82a716,7681e39214499b169dbb76161ac84b39e199ccbe,false,mc textures\HAS ALPHA\bp_remade\no_mip_fixes\ui,false,true
006bcf85,c0b6f0c8dd9271287d79e15d10327fb55a6035d8,819d4d92c38480aba41d24ce6d2aaf06f2278e12,false,mc textures\HAS ALPHA\bp_remade\no_mip_fixes\ui,false,true
006bcf85_3bbce8b6d10a47883f9038737995145a,56071f9ced9192ee99baf0c4854954bb9e6fa440,0f48f8a5499723c652833fcb62c821d0bd614f11,false,mc textures\HAS ALPHA\bp_remade\no_mip_fixes\ui,false,true
006bf7fe,089f639bc2f8ec8033cef388bf8d8c97df28123c,2671cab19c6fcb76d030e6d36b73fe999e1d21d8,false,mc textures\HAS ALPHA\bp_remade\no_mip_fixes\ui,false,true
006c556d,01c8b23db3c3fba169ad321b3e3bc10be64532c4,495db83b35f2029ee6c4a3c5c1fc47fef9b34ad8,false,mc textures\HAS ALPHA\bp_remade\no_mip_fixes\ui,false,true
006c97ed,78cbe88a05036c822bfd4e8d341e27c0d36e0cf2,0935b6c4aa00b5d54c9555903ac0e69aa0edd929,false,mc textures\HAS ALPHA\bp_remade\no_mip_fixes\ui,false,true
006caeb5,21e25646232367655b8d76626a454965f832a109,870726674340136a1e627cb196ad0e863f268c30,false,mc textures\HAS ALPHA\bp_remade\no_mip_fixes\ui,false,true
006cc7ed,60ff0819adcf7748e8a9dd38f5e04590c89ea4e8,19e0df689cd0894148d3d58f33dbc91413a8dc63,false,mc textures\HAS ALPHA\bp_remade\no_mip_fixes\ui,false,true
006d556d,6fc145324b61b6a7c3047702d98946ffe6eb0f45,ad5b4eea4aa782f332e7fb30c6b15dbf881e0ce6,false,mc textures\HAS ALPHA\bp_remade\no_mip_fixes\ui,false,true
006d9021,9399b64578fe500d0f41904d636838c557c35efa,c361503617df129abbf6561c8f1829c634883e36,false,mc textures\HAS ALPHA\bp_remade\no_mip_fixes\ui,false,true
006daeb5,df31ac08b5d5fe3ea2e1d329547e0214fbdb0336,582f5fa964416e2843d25049d28fca51dea6414b,false,mc textures\HAS ALPHA\bp_remade\no_mip_fixes\ui,false,true
006e6ff1,4479a87e0fdb34574040366a06448cd5d5575c10,072c80bfa1daaafb13521b85174dd6aae4486ffd,false,mc textures\HAS ALPHA\bp_remade\no_mip_fixes\ui,false,true
006e99ea,1af36563397e35e6a60dd5765bb38a4b327a6235,61af2170e7be991305fcf66ecc45cb95d4464679,false,mc textures\HAS ALPHA\bp_remade\no_mip_fixes\ui,false,true
006eaeb5,cdceb49254eaba6399ab730b36aca86892a481be,b8e9eb8cced2b2cc9d278681e571c98180bb1288,false,mc textures\HAS ALPHA\bp_remade\no_mip_fixes\ui,false,true
006f2b75,4915aef529ca503cfb291e83f5474f472b039b97,d8c164850d78a77c83c893fbd36037c8fb61d62c,false,mc textures\HAS ALPHA\bp_remade\no_mip_fixes\ui,false,true
006f6ff1,8427146a58203a47847a748e382f03ab25f56811,9907df8d7d03c806726593f6298b731cb5f96cf0,false,mc textures\HAS ALPHA\bp_remade\no_mip_fixes\ui,false,true
006f7421,9e286fca286e9d0e0878aef9fc8bec6b545f9a1b,5d295b827ea2032f7470249528eab8e5b36f1f9f,false,mc textures\HAS ALPHA\bp_remade\no_mip_fixes\ui,false,true
006faeb5,18194f538e3d9eb0d8da1a98447347c415ee4e28,4aeaa7c266c9040e71b72b06d6362b205f07800e,false,mc textures\HAS ALPHA\bp_remade\no_mip_fixes\ui,false,true
00704ad1,8d1a3aee637a15da57c4beb3c87400f0241538eb,1ac651c27d01e44794a8424862d62a76b33842fc,false,mc textures\HAS ALPHA\bp_remade\no_mip_fixes\ui,false,true
00706ff1,38760fcaaa989785430d997c1012b5bacf28076c,2a8fbe29f2a5895e1ed96081be745734977cd2e0,false,mc textures\HAS ALPHA\bp_remade\no_mip_fixes\ui,false,true
0070aeb5,76b3c4ffea484fa50bfc0f795f90a369b9bb9d15,482e45b3495c7de9516e59546c7924a603f08c83,false,mc textures\HAS ALPHA\bp_remade\no_mip_fixes\ui,false,true
00710601,2f65909831dac71db243e981ea47208f67ab843d,934d2f13e80fa54922dafc4c60f83cd3414947d5,false,mc textures\HAS ALPHA\bp_remade\no_mip_fixes\ui,false,true
00716ff1,0c07cac12673bc553a6f6cd9787971507e33101a,d98789e6b7f3b4de91bf7d16354f265f3db388b3,false,mc textures\HAS ALPHA\bp_remade\no_mip_fixes\ui,false,true
0072466d,a83d6369e35ecbca2addaf0753360db79c04e497,b3f1895317eeb8bdd4965c9825538af793e0dd06,false,mc textures\HAS ALPHA\bp_remade\no_mip_fixes\ui,false,true
007246ed,89ffb13a9234d044afc36c39acc51e25c3380940,93c5ffe8ea4e8950a13581d1d555ccdac7242600,false,mc textures\HAS ALPHA\bp_remade\no_mip_fixes\ui,false,true
0072476d,d7e27ea9837ea7fccf9120b8de0bda7e5d126ffa,d37a8e455ebfb7ee1301ef5016657b0b2cca9a09,false,mc textures\HAS ALPHA\bp_remade\no_mip_fixes\ui,false,true
00724ad1,7bbd8a6a801117fe83df2af75b6d7fe216a6d93a,99083535db2a675477494eba600f8d8cfdd648cf,false,mc textures\HAS ALPHA\bp_remade\no_mip_fixes\ui,false,true
007255d8,f486d7f2c85ecccadf6422ade29d274e1f92c68e,5cc0880683067e03c242d91de63919f978625ae3,false,mc textures\tri with alpha\bp_remade\no_mip_fixes\ui,false,true
00726ff1,4cf1032d548d76e4c3e7d2f797053febd74e80fa,4d305166cea899d18ec0be7a2a996951b3ef840b,false,mc textures\HAS ALPHA\bp_remade\no_mip_fixes\ui,false,true
00736ff1,695fd8976b1c6506e32023fadbcb1ec2dbb60b8a,8a394c622daa654836413d9fbd63e95630234840,false,mc textures\HAS ALPHA\bp_remade\no_mip_fixes\ui,false,true
0073ecb6,449531ca4724e432b6a89696afa7999d84d8b359,1dedc556cb33c19d09476f740661eccd2315e26e,false,mc textures\HAS ALPHA\bp_remade\no_mip_fixes\ui,false,true
00744ad1,eef74b13fd0ec4f9a29d8899ae923b0bb3734119,7e9acf171c0c0fc455c08ee762d27603c7e4df13,false,mc textures\HAS ALPHA\bp_remade\no_mip_fixes\ui,false,true
00746ff1,946387d96ce19e091eba18603b53599a63a83861,dc9ee8346b4738e0dd763ff9f69b85acdef554c0,false,mc textures\HAS ALPHA\bp_remade\no_mip_fixes\ui,false,true
00749dfd,5636495cd973b1ea27528428d1dd07e0c4ddf37d,c9f6c4b6838801fdfb8db2ad9474ad32d965d9c0,false,mc textures\HAS ALPHA\bp_remade\no_mip_fixes\ui,false,true
007559f0,89c26222a12e940de600b416be2cb750fad27b1f,63482a5fa7094a14a740591a3511f37347060b19,false,mc textures\HAS ALPHA\bp_remade\no_mip_fixes\ui,false,true
00758632,1959db36276fbd7c7d4b604f308be543c1f88ddf,87cae727f2b20b6de5d504b41ec83aec9d1cd9ce,false,mc textures\HAS ALPHA\bp_remade\no_mip_fixes\ui,false,true
00764ad1,c965b5bb5899da330878d769cea9b465df442a90,373467ba79c5ee348db58ab28b0638bae8003431,false,mc textures\HAS ALPHA\bp_remade\no_mip_fixes\ui,false,true
007655d8,d55f6c3beb37ca26be4fa5187032018635236543,044f09c22becb9ea37988d37b8f3b38ee410386b,false,mc textures\tri with alpha\bp_remade\no_mip_fixes\ui,false,true
0076ad61,df91811c47b59836d905e2ff9443c80538ada338,db8a211a7c7777003e2cbdc71bc2e99aa357171f,false,mc textures\HAS ALPHA\bp_remade\no_mip_fixes\ui,false,true
0076cd21,66bc4125d330551e86f0c595e393d04286f8ae96,b9f0160979aaff9d8e5c6ffcdaf1464ec81f0276,false,mc textures\HAS ALPHA\bp_remade\no_mip_fixes\ui,false,true
00774c18,7d01ac894b35c8e14b250cd1232307143816cf3f,4b1704c81b907b89fabe791baa80c627478f1496,false,mc textures\HAS ALPHA\bp_remade\no_mip_fixes\ui,false,true
00784ad1,025937403f4320bc33405c2af2c9d6369dc0cb93,449ee0b0d90dac694d7ace850e979e1d5271289b,false,mc textures\HAS ALPHA\bp_remade\no_mip_fixes\ui,false,true
0078980c,a46d39081d0572e81af0537416cc2a57348110c9,af57118fdb6d9580b8c66664a33e3325efa59583,false,mc textures\HAS ALPHA\bp_remade\no_mip_fixes\ui,false,true
0078adc6,d816fdea2ffdddfaeb4a2144862145c707b957f9,f1752cc56e9cf19ea9de46da46c9a2b999ec5b5f,false,mc textures\HAS ALPHA\bp_remade\no_mip_fixes\ui,false,true
007a4ad1,c270fd538f4b5663630507373242453fa199255e,45154e45d8a0f439463804d0e78c6c2acbf3e22d,false,mc textures\HAS ALPHA\bp_remade\no_mip_fixes\ui,false,true
007a9dfd,96e2553979cbbd3632b3a8b947be9cf6f285b344,7da7358d8e2d295522b337e935d96678a80c59f6,false,mc textures\HAS ALPHA\bp_remade\no_mip_fixes\ui,false,true
007b651a,0b5aea2d37c7d48776cf358a332e1a4d2c58653c,24e6982fc86dae64b56ace0c09839987674c69e9,false,mc textures\HAS ALPHA\bp_remade\no_mip_fixes\ui,false,true
007bb259,09e71a5f09535fedd808f0fe45eee4a922f1e3ce,472e78a591f1c866728b174199df521136efc779,false,mc textures\HAS ALPHA\bp_remade\no_mip_fixes\ui,false,true
007be718,155d7e9bf2fb472e5c9422ab83cb25f71dffe6ed,c1a9157745baf970f80964f671e258dded5827e8,false,mc textures\HAS ALPHA\bp_remade\no_mip_fixes\ui,false,true
007c4ad1,434f171ca16306ea5898694aa7eed88fab3361a6,c5935412b061321db656f440d7e0a2b8b15a8757,false,mc textures\HAS ALPHA\bp_remade\no_mip_fixes\ui,false,true
007c9dfd,7dca4cfc4abb969597e10fc11fd41a52d4486f1e,4927c0e653a3f0e040386ca28ae9dfb2d1204eca,false,mc textures\HAS ALPHA\bp_remade\no_mip_fixes\ui,false,true
007e4ad1,377b2f953fe04b8d1a2569649cfc07e0a3f70495,433f7178b7e1698c379b03c3cd3d12eba260e75f,false,mc textures\HAS ALPHA\bp_remade\no_mip_fixes\ui,false,true
007f0488,92b2d8a6d6c9ec2a3d1a14aba66de13553569132,3549910d7f8d36fc2cd9c037dcb3d06df51ed3f7,false,mc textures\HAS ALPHA\bp_remade\no_mip_fixes\ui,false,true
007f6817,f5920971ba9641a23a178b6c935f40210407972b,f7b9a7639c7a028f390124460136b8af123b29dc,false,mc textures\HAS ALPHA\bp_remade\no_mip_fixes\ui,false,true
00804ad1,2eb1e7bab6d2c5c046e1f7c83ab5092c57458f6e,de753ee51a3707f159f182692922e7ba0ff9a822,false,mc textures\HAS ALPHA\bp_remade\no_mip_fixes\ui,false,true
00818625,de81895fe40e34e70ef400c2479a80f2b9bf6c7a,e292277edd3c064189d089e7f20647c6b97ffde2,false,mc textures\HAS ALPHA\bp_remade\no_mip_fixes\ui,false,true
0081f6b5,17313ecc4f264e8f61106b056fe1788d3095480e,5ed3ecf794a1f1ba6a8ee8a011ecb8f8d2fa30a3,false,mc textures\HAS ALPHA\bp_remade\no_mip_fixes\ui,false,true
00824ad1,7ab15bb609174c4d42e0f23774a4d9bc1df4d2b0,bb1f93e3fabeae231d96332680390b362b7fe7e0,false,mc textures\HAS ALPHA\bp_remade\no_mip_fixes\ui,false,true
00829016,bd1abf1f1c454e01b79f745aa72dbd36312b29ac,f01d3898f8f307cb3bf8261664531a93b7bcdb1b,false,mc textures\HAS ALPHA\bp_remade\no_mip_fixes\ui,false,true
0083fa46,dc720403bcfea87b295bead75d14aa0716e8c830,ba1f076cc39581c42e49a21edea14c6c877ac70e,false,mc textures\HAS ALPHA\bp_remade\no_mip_fixes\ui,false,true
0085a618,88cf02f2bf8f0fc2b4578d9bed90e9cfa78a8687,9a8486e56a8326f47f28dd483d8830836a92060b,false,mc textures\HAS ALPHA\bp_remade\no_mip_fixes\ui,false,true
00885728,0bc10513bc7af07891277b497def2dbf0d881199,4f3512aa7777987193e5de112413cf95f0d66df6,false,mc textures\HAS ALPHA\bp_remade\no_mip_fixes\ui,false,true
0088b898,bcdd5611f9c435f72505801a30e711cd9fe74ffb,c8bcc629f5c80ba4f757cdcb7f5e4e57565e9315,false,mc textures\HAS ALPHA\bp_remade\no_mip_fixes\ui,false,true
0088c589,cfde34d8c54f81dd6bc29a437a13eec03369c470,22311cb75a9dca4ea472ec1bb3fe47a7dc0e254a,false,mc textures\HAS ALPHA\bp_remade\no_mip_fixes\ui,false,true
00892df9,6d9fa741531054b148ba493223585a8082566bca,87d7b00bfdff1de3522e407beb3f94b1edb00cd0,false,mc textures\HAS ALPHA\bp_remade\no_mip_fixes\ui,false,true
00895b43,b2d4c72ae63e0f704b5b19906610cc3d3be7c2dd,fb11dc4df969189be4f69b01818ba70e6b379505,false,mc textures\HAS ALPHA\bp_remade\no_mip_fixes\ui,false,true
008a2128,dbbd5fa9ce32ebd357bab0a5d60317e1f0b6c975,f49a8b68c55b03b238eff161df1349ac1cf25489,false,mc textures\HAS ALPHA\bp_remade\no_mip_fixes\ui,false,true
008a8469,82d4509de52e526bdd5fb8dd71397d0382847059,4903cce01e85ef446efd041c1cd1f36236c26da2,false,mc textures\HAS ALPHA\bp_remade\no_mip_fixes\ui,false,true
008aa618,43ad0a1ab941bfed97d1aeaaaaa122c3078db934,2e558d010dc6246cb852139e4870b4448240bdf4,false,mc textures\HAS ALPHA\bp_remade\no_mip_fixes\ui,false,true
008c21a4,d70f441ee103e62431ab99f3b39e404e0e3fc3ee,862ece8fff99c5f40e012fa82e472c690466beea,false,mc textures\OPAQUE\bp_remade\no_mip_fixes\ui,true,true
008c9a00,7998ae11d695ae5fe2b678950189b9aedfdb492f,a2ac638709b4aa25bed47b522fd3eae8e88ad74f,false,mc textures\HAS ALPHA\bp_remade\no_mip_fixes\ui,false,true
008cc589,f11e81d6341f952fbe418910792f2eb3e31274a0,ecc76e3f4ff4adf7078be0a9476f9c5278576663,false,mc textures\HAS ALPHA\bp_remade\no_mip_fixes\ui,false,true
008d752c,3e9f546cf608ab2aed192b1c2b595c1841208fde,f51cb3de2bf8feb9a31037157ac6c019e1b539f3,false,mc textures\HAS ALPHA\bp_remade\no_mip_fixes\ui,false,true
008db9df,f8ea7d437c965216d42eae19d0bd3e881fb2342a,881773956ed7429e05adc12eb69816a662b4bd53,false,mc textures\HAS ALPHA\bp_remade\no_mip_fixes\ui,false,true
008dbe37,ed354fa862538033b4533b69d537c21817e82565,cf187bd3b49755ac384327433258b5c667858bc9,false,mc textures\HAS ALPHA\bp_remade\no_mip_fixes\ui,false,true
0091a721,ddcd14460878e6730a7fa5d3b0d81ca84c3f465c,ca3272962561a71e87dc20f6c211af648f6b8275,false,mc textures\HAS ALPHA\bp_remade\no_mip_fixes\ui,false,true
0092f25f,c2fc77a38c45a8eb06d88aa74fac9f28e46351ec,6119cc54370d60f839ba9da9a4664cd196fd4404,false,mc textures\HAS ALPHA\bp_remade\no_mip_fixes\ui,false,true
00938001,32f09e245abac61bb58d015bb81a617f4d29cac9,da342ccb588f92dc97f851a6a10ccf81b51b4e61,false,mc textures\HAS ALPHA\bp_remade\no_mip_fixes\ui,false,true
0093cba3,f6383e4c3fa178ff553c8517d69b86b708d6266d,d37f794a1cd08bd7b2cf2c390ae282e5dfa61b66,false,mc textures\HAS ALPHA\bp_remade\no_mip_fixes\ui,false,true
0094533a,e718cba5e45d7a8c0047c863f46884160568de0a,5d79f1c1680794630f810b92836f3419470e3216,false,mc textures\HAS ALPHA\bp_remade\no_mip_fixes\ui,false,true
0094c618,25230a66de5b2e850890cfb63cb9bfb203617992,e718b6375865d88e5e052d24a76d7b558d2d9cdf,false,mc textures\HAS ALPHA\bp_remade\no_mip_fixes\ui,false,true
0094c618_302caf9734786b4cc1f4a66a958a6df1,c35b5e7be5d6e0848b26c305dc774b09b9bd1d1b,360df5be13a4a6cda244d5d1845f1e75010afb18,false,mc textures\HAS ALPHA\bp_remade\no_mip_fixes\ui,false,true
0095cb32,b38751b9430a8e7004786f5724c0a20f31cf22e4,5fe7f4062d2efa5b1d24d9b2719de2f73d1e573e,false,mc textures\HAS ALPHA\bp_remade\no_mip_fixes\ui,false,true
00985407,3f76ec676c7a23ef6ba0e44642871e015e32d3f6,00b83355488b02909b28d4f2bbae05bbbaf6d7e6,false,mc textures\HAS ALPHA\bp_remade\no_mip_fixes\ui,false,true
0098f24a,f09094888675c3f2c85e8f56cc59b484ea2699a5,b3155bda4e0a2ac448ce5a5170774256e4fa408d,false,mc textures\HAS ALPHA\bp_remade\no_mip_fixes\ui,false,true
0099a618,074ae3af0d798899cf06036cd4e292fc69270686,eb60d31b0fdc78706d1bceafa9c6ea2d2edd9ff1,false,mc textures\HAS ALPHA\bp_remade\no_mip_fixes\ui,false,true
009ac0bf,158ade31b806722213c345a512aa94231f58114e,12e85a8007494840dd2d759575eef6f511307562,false,mc textures\HAS ALPHA\bp_remade\no_mip_fixes\ui,false,true
009bc0bf,8eadbbd752e318053b5170579720cd995ab4678a,5f82ae6d05dac08416e57ac67632ab96bb3d23d6,false,mc textures\HAS ALPHA\bp_remade\no_mip_fixes\ui,false,true
009cc0bf,7a5d97461771b780dadb0a48411ea58ea60a7219,355c2702cc14113059704908180a44abcde38c29,false,mc textures\tri with alpha\bp_remade\no_mip_fixes\ui,false,true
009dbc16,45dd6c42ecaaafb2f3379d11c0ff2a9bbe4b14b7,a3b48a23215a4690a65cc9000e5364d8ee312394,false,mc textures\HAS ALPHA\bp_remade\no_mip_fixes\ui,false,true
009df079,8e5fe73cf7505dc62b048d9c754b60aed9f6d955,d3e42d2db3bddde5b4feea03527a0416792198db,false,mc textures\HAS ALPHA\bp_remade\no_mip_fixes\ui,false,true
009e0995,75d6c30ad9a9c43e6b754df205b3bdb7de2427cc,7da2178b8598009eaf210385739e9ea4038db93f,false,mc textures\OPAQUE\bp_remade\no_mip_fixes\ui,true,true
009eafa1,cc56d99115f8260169ab47fbc9d828ed5d87ed74,95f8907f972449476521569a9d4ac61f4a781f98,false,mc textures\HAS ALPHA\bp_remade\no_mip_fixes\ui,false,true
009ebc16,35d31764a8484d1041a6e84b6bb906e2434a8efa,b1e157c835d2c368f2a48d0cd14f57627b50e181,false,mc textures\HAS ALPHA\bp_remade\no_mip_fixes\ui,false,true
009f0995,4cc0b36600aca749eda201d70887b201be473ee3,209eaf2c87536ecb8992a779adaea5e8db1d7c60,false,mc textures\OPAQUE\bp_remade\no_mip_fixes\ui,true,true
009f2fba,d4ec279a62510d2381f8e5760eaf5693b45560a8,d23bfafff4b5def17739d6630ac6a79dd7fcd9b2,false,mc textures\HAS ALPHA\bp_remade\no_mip_fixes\ui,false,true
009fa21b,9736b56ea45820727377ba0003e8d7d2c65251b5,c8124491850d5bc665759410968967b22fb0952b,false,mc textures\HAS ALPHA\bp_remade\no_mip_fixes\ui,false,true
009fafa1,5855cee3d6c5c807eccab725f43321baf06e5188,696624aef8f049a6b75a08c1d2dadf156a60a077,false,mc textures\HAS ALPHA\bp_remade\no_mip_fixes\ui,false,true
00a093d7,e6c1d524232296c07b5da4bb2c43dee9ac2cbf3f,1a405c64b56fd8bf52d86920e59ed356dd1f7ff9,false,mc textures\HAS ALPHA\bp_remade\no_mip_fixes\ui,false,true
00a0bc16,cbbb7716c238b9974ec6a28da0d886c8eea7607d,f1e4cb18aefd0774f0070c4b74d2fd94d1c39e4a,false,mc textures\HAS ALPHA\bp_remade\no_mip_fixes\ui,false,true
00a127a1,4fceeae93bef08af60062e9133b680c73905f19c,bea6eb9e1ef33d1bd79933851946795697fd5268,false,mc textures\HAS ALPHA\bp_remade\no_mip_fixes\ui,false,true
00a1bc16,821a63f761f11f4872f617be840cc04384824209,7f2312aad2487961fd1e60dcb248ce37f267525b,false,mc textures\HAS ALPHA\bp_remade\no_mip_fixes\ui,false,true
00a225a6,e917382b10bb9133f9b771f5620d6fde9aab4508,d61b8893274eff3ed440c64eaabc7a16bee69704,false,mc textures\OPAQUE\bp_remade\no_mip_fixes\ui,true,true
00a325a6,2a465feff2fccdbe2a61554f41f66f86a577147d,0b695739c001ceb54fd2fa4891ada71a7529c8b9,false,mc textures\OPAQUE\bp_remade\no_mip_fixes\ui,true,true
00a628ba,9b4ba6c02e886fa6005cd7103f037ca64b7c3044,cafc934b0167d65ca799d9d3016067cb7c992bb8,false,mc textures\HAS ALPHA\bp_remade\no_mip_fixes\ui,false,true
00a69783,ce99d0f251026c29dcd476f6b2b310af55f9f1c4,d13c3a69f00259aa534b1ed74d8707fbb686a74f,false,mc textures\HAS ALPHA\bp_remade\no_mip_fixes\ui,false,true
00a891e2,5195ead42aa3b52e94a7169f0e02082a6d54c83a,b14eb0c0c4ed184569f425b3bc4bcdd8103075f1,false,mc textures\HAS ALPHA\bp_remade\no_mip_fixes\ui,false,true
00a936cb,816fb92c803a7ccefb66124add2d781c2f108f40,73b7a187aeeaa264bd3c596fc115f4af5d7cc27e,false,mc textures\HAS ALPHA\bp_remade\no_mip_fixes\ui,false,true
00acbe37,fc7616801d36731ca1539d26070c01e7c1c08e01,8d6d6d13ea90623462001adf46097910079d06f6,false,mc textures\HAS ALPHA\bp_remade\no_mip_fixes\ui,false,true
00ad7f33,289edeca1cd6ec81e8e1337ef21737e86c647558,549af40edcd62971af7e0680449d9faa6884d187,false,mc textures\HAS ALPHA\bp_remade\no_mip_fixes\ui,false,true
00adb42a,8970187bbca68d34cf60e6323aa447abcb02bef0,9e330572a3e3c4f28039fbd22492416de515a501,false,mc textures\HAS ALPHA\bp_remade\no_mip_fixes\ui,false,true
00aeebfc,a312976d542faaee3f1c10804e1cded8eed3859b,c0d2690abf2f006fa3cf16f0c336845609e3e5a2,false,mc textures\HAS ALPHA\bp_remade\no_mip_fixes\ui,false,true
00af9412,96c97ad553c208fb41d641530e96af4c83819709,5bfd58e0f177ed96689c254491713933d5c912ef,false,mc textures\HAS ALPHA\bp_remade\no_mip_fixes\ui,false,true
00afab44,a890b9e5b3d28ec79f30c598fd378c5e84e5266a,c9100ea330267be7f64df49ce1e40ceb64f35f23,false,mc textures\HAS ALPHA\bp_remade\no_mip_fixes\ui,false,true
00afbbc9,a0ba7643a2499e0e295ad74b83b49b9bd7699c17,634634a94ef5733b93a9d651b6a08d5251c6d364,false,mc textures\HAS ALPHA\bp_remade\no_mip_fixes\ui,false,true
00b02021,3dba857f98a995d43d7bb7e331fba7003af8bf28,afdd09b55a68a728016dfb47e38e58d9e279d0ce,false,mc textures\HAS ALPHA\bp_remade\no_mip_fixes\ui,false,true
00b04ad1,df33e01d25e6903bf7a3c650f6a7cd550d2b48f2,39dad76f5f6ba14cb8f6f69f61e97dae4177759c,false,mc textures\HAS ALPHA\bp_remade\no_mip_fixes\ui,false,true
00b087b2,a52f326743967da53baf54b95c175bc17e60eb75,ebf86e4bc1b0a7b00beaee76883526ec7b9b63b5,false,mc textures\HAS ALPHA\bp_remade\no_mip_fixes\ui,false,true
00b12021,6831d5bb4000e5bedb897b37435bb9f3fd4e37cd,7d349ad3acb695a82981f1b412e54904eb040b15,false,mc textures\HAS ALPHA\bp_remade\no_mip_fixes\ui,false,true
00b22021,ed45d67662bf660947dfb21ade7d1f7d558e7b99,f13eca70df51e8685f2e3979c246961f43b7dc7c,false,mc textures\HAS ALPHA\bp_remade\no_mip_fixes\ui,false,true
00b24ad1,452b2e7a972f103c00e1902d2d9ac900b0cb87eb,2dfa33a6aa9e3b046a255821564911b3efaa9dba,false,mc textures\HAS ALPHA\bp_remade\no_mip_fixes\ui,false,true
00b25d10,911f25bcea37c3308ccaf3b1d98772d449f11d38,16705a245c24e6a39a08aea0073d58b57501914e,false,mc textures\HAS ALPHA\bp_remade\no_mip_fixes\ui,false,true
00b32021,da283886de2b5e0ed8099b1f9c2a7ea17bd5e453,53f5bda481f984f1e49fd2b2f3b9eb32c036258e,false,mc textures\HAS ALPHA\bp_remade\no_mip_fixes\ui,false,true
00b33503,9613191dce2cb0e5fa51c6c475a48cb5a7f3029f,15d30e3d5bc7381c842964c840c429a76ed3e7e2,false,mc textures\HAS ALPHA\bp_remade\no_mip_fixes\ui,false,true
00b3cb78,2266ac768c56491d6cf27b0a8c14714b602c5cbd,31f79a9f4f5eb7b3d7ebe7275385c0a324905c43,false,mc textures\HAS ALPHA\bp_remade\no_mip_fixes\ui,false,true
00b42021,072712394d362e7652ab9107c530007943993f6d,880303a760d33c06227a22e62607f99242db2132,false,mc textures\HAS ALPHA\bp_remade\no_mip_fixes\ui,false,true
00b60372,6ef7a3f2f0c25ffe1fbac3a963c7e01194d08c13,2b596aac3419a2fec4cc288efc1cc07fd085c233,false,mc textures\HAS ALPHA\bp_remade\no_mip_fixes\ui,false,true
00b64ad1,50df13d974a83ab9bc553c654febcca1a0eee8c6,26bc62c4090f2af44442ab61e50004103319aa42,false,mc textures\HAS ALPHA\bp_remade\no_mip_fixes\ui,false,true
00b6ea23,271a82d3e24eedd0ab0e72deaee3070c6bfafe5a,787386f713a9422e938e7c618b7a587a1218dbcf,false,mc textures\HAS ALPHA\bp_remade\no_mip_fixes\ui,false,true
00b6eb2c,b929af62e6d957924beff4f8f8680c50278bd4c7,abe473e7a81920bd2a2da0cb09075a4de394da00,false,mc textures\HAS ALPHA\bp_remade\no_mip_fixes\ui,false,true
00b84ad1,ca4db51e37a70a98b970355eff9f760c2131bbb8,d99d3dc7457d0b7dc52035ae8e7ed22e46a321c3,false,mc textures\HAS ALPHA\bp_remade\no_mip_fixes\ui,false,true
00b89205,b0e32146230a5ab5472e04d7a59f6dd82775c153,e9540d653c0f782661dba588e026ed587c36c3c2,false,mc textures\HAS ALPHA\bp_remade\no_mip_fixes\ui,false,true
00b99205,0ff15849dedae69db6f821641d5e79e64abb19d7,e3ed4f537d7a59f8bc2e6a39b29ec41701f0ed21,false,mc textures\HAS ALPHA\bp_remade\no_mip_fixes\ui,false,true
00ba4ad1,e886ae85712452e6fb3ab445c8666fc1b41336a7,fa916b4edd86b779814087fafcf1c50c2c497091,false,mc textures\HAS ALPHA\bp_remade\no_mip_fixes\ui,false,true
00ba619d,0a75dc028ebd10026630a438293e57d39e00a70d,aa90e7667f84d98ef05482199e2073ad59f8098b,false,mc textures\HAS ALPHA\bp_remade\no_mip_fixes\ui,false,true
00ba9205,8a0941506e5206734c558f6f7abeeb99394a7e4a,94375ef9f4753bf362abe8d6be85641634971423,false,mc textures\HAS ALPHA\bp_remade\no_mip_fixes\ui,false,true
00bb9205,eb455145b568944099ce336da4a79d5a4583eabb,a52eb3cbb866314cc9085938f8736f75bc22515c,false,mc textures\HAS ALPHA\bp_remade\no_mip_fixes\ui,false,true
00bc4ad1,a438f38d49433bb459554325ee1c03b87ec37221,404b592c21cca796d9ab94411598f9d30371c931,false,mc textures\HAS ALPHA\bp_remade\no_mip_fixes\ui,false,true
00be4ad1,9d6277ad6ab229f83202bc80b867c3691abdcc27,a937c903839a23ca4f4601470a487054d65d84a4,false,mc textures\HAS ALPHA\bp_remade\no_mip_fixes\ui,false,true
00be80b9,cc57e2225afd4c21e9505628437ba60402ad23d7,a1a513bec97aa84b974ea617350a20818231b7a6,false,mc textures\HAS ALPHA\bp_remade\no_mip_fixes\ui,false,true
00bf085a,aa869cad444f27a0580c4db2f170d59e151d0c9f,52f0c56d2f4509c0a286e7cd1fc98c963e9dfd1a,false,mc textures\HAS ALPHA\bp_remade\no_mip_fixes\ui,false,true
00bfbb06,dd9ec057ea224c7bfa2ab13b92d17e3468b1f3d0,c3a7fa57ee522f2f65ea29b9136e8b7ff66d5b28,false,mc textures\HAS ALPHA\bp_remade\no_mip_fixes\ui,false,true
00c04ad1,faa6a9a54ec5466163c48a188773bdcdf2fca07d,23d44cd66f47cee066a562b2be8ceaea36a5042b,false,mc textures\HAS ALPHA\bp_remade\no_mip_fixes\ui,false,true
00c24ad1,a1c6c2fb6ff243ce866e7cb1521c91b7c034558b,4b82bc9745e7d83b00cebb0bba42d75cd04685d0,false,mc textures\HAS ALPHA\bp_remade\no_mip_fixes\ui,false,true
00c2df96,72c3cd72f9662b07f5c4ac89e23c52ffb13bc9ea,36e7ee9a5b8d98755d7e68d7464f1d79585d9cb8,false,mc textures\HAS ALPHA\bp_remade\no_mip_fixes\ui,false,true
00c3e4f6,be2d29422497ad1b59f0d36f736adea47e036e1d,3495a10ce108d1c4366e6c155afba8fc56bf77f7,false,mc textures\HAS ALPHA\bp_remade\no_mip_fixes\ui,false,true
00c45897,92a98a66bcc05ea19db7bb9cc753bb7fe9f40e00,bea90a7dc412226c03363bb0a7bd804ad784a77b,false,mc textures\HAS ALPHA\bp_remade\no_mip_fixes\ui,false,true
00c489c5,8591affcd58605475b7fcbfdb0a203c3bdbbe476,cdf768b04206c0556f595a5f2a8083f759143f85,false,mc textures\HAS ALPHA\bp_remade\no_mip_fixes\ui,false,true
00c4b02d,f570696db4d7fd372b1eebb4d67950060b49a681,9c2f9dfcb60f30fd48a80adfcf58bf60f9c076a0,false,mc textures\HAS ALPHA\bp_remade\no_mip_fixes\ui,false,true
00c59475,67bc41defd66decc9bd3c8cb6c6e218a31a5b3ad,c6c23318525d7ce983363011d2c16ed899dd4629,false,mc textures\HAS ALPHA\bp_remade\no_mip_fixes\ui,false,true
00c5a254,116237d960f19ee673f805e02c30e8bfe7d090f8,6a495713a38b7d5bd36104c3242be84d05ef80b1,false,mc textures\OPAQUE\bp_remade\no_mip_fixes\ui,true,true
00c5a3fd,c7ccdbb561abac1558ec81c42b57d14645f16b9f,56bca8d12c7ac4e335b742a406025c6b0f82df0b,false,mc textures\HAS ALPHA\bp_remade\no_mip_fixes\ui,false,true
00c6157c,0aaad9ae97ad392ebf2f7950bdfd77e7961eec5b,72506d7a6e7a7b5c2ae574d8968dba6fdc95de80,false,mc textures\HAS ALPHA\bp_remade\no_mip_fixes\ui,false,true
00c6e6ab,ac503e3a314b3b78840330b36a3359546d9fa82c,08d48e111a8234d88fd7a506257f74baa1b61ed0,false,mc textures\HAS ALPHA\bp_remade\no_mip_fixes\ui,false,true
00c6feb6,c943f362cd81b22700f282beb5394d6a22ceb136,2c0e7574c9a0655b9ffc580156f821f43dd8eb31,false,mc textures\HAS ALPHA\bp_remade\no_mip_fixes\ui,false,true
00c6fef1,60d93ba46510ecac4f534595fb5f8440b5c89624,2b36f1ee3f00ebb7ae3721c59e45d92db6bf3699,false,mc textures\HAS ALPHA\bp_remade\no_mip_fixes\ui,false,true
00c7d5a7,80875d670a2a5ca7aa438f1871aae11e97ecb4b2,1e307f3f6c5088d61d5167ea3b37308c740606a8,false,mc textures\HAS ALPHA\bp_remade\no_mip_fixes\ui,false,true
00c87354,a83c8c919b4834089656f2e3acef154f20fce6cc,07560a6b54438e0e93ed3f0f9df23d07df25a899,false,mc textures\OPAQUE\bp_remade\no_mip_fixes\ui,true,true
00c8e1b5,fb314341910a24d4e0e2cf9399830f38e7aac1b9,ab56f1b62bd8c416c790f5f9b8c98e003c711183,false,mc textures\HAS ALPHA\bp_remade\no_mip_fixes\ui,false,true
00c9e1b5,abe57cd2d9f1f7451122c43ce9c1c1c2e2d2ab7f,768463f49feece334dbd03e83d68aeff993868fb,false,mc textures\HAS ALPHA\bp_remade\no_mip_fixes\ui,false,true
00ca3f11,64682c0c8bbe61bc62e4b5b168284438a7656e95,dc4a46cf3ec34d938d551aadf4d17500ca48f50a,false,mc textures\HAS ALPHA\bp_remade\no_mip_fixes\ui,false,true
00cada49,312fcda98c3fae8bd8e2924a21a656dd90dcceb2,3fb2f4b989449e1e8e3e1814da43c252bcdf6746,false,mc textures\HAS ALPHA\bp_remade\no_mip_fixes\ui,false,true
00cb303d,7f89b8fb36aa5172f07f856767c244549b63c1ee,09bbb0a1a0af622e967f27f2bd9db99c40452cce,false,mc textures\OPAQUE\bp_remade\no_mip_fixes\ui,true,true
00cb3f11,849473b26eb6b357903baf8519d18f61abd19f17,0d3bbea8dc768dc25f53733a97e1ebd86e328400,false,mc textures\HAS ALPHA\bp_remade\no_mip_fixes\ui,false,true
00cc15b7,689f0308e31daa915ffb09e5c16a89c631fa4401,4af9104cb1dc856c32b47aa2edfc71a2c5aefaaa,false,mc textures\HAS ALPHA\bp_remade\no_mip_fixes\ui,false,true
00ccb0a6,2789c6bf6e5af394f89eff164bd39b21865ace62,0ff757cd27e2e58699578dfd63632788e230a2c5,false,mc textures\HAS ALPHA\bp_remade\no_mip_fixes\ui,false,true
00cd360c,d99a63744a37351645f90a7df680e4120a9d2855,fd6e9a55c7daf8eb48e8bd02d0d7c0f4a1f46b35,false,mc textures\HAS ALPHA\bp_remade\no_mip_fixes\ui,false,true
00cd868e,5dfe609480e50932a8706ee55f2910488c31afaa,57e53d8f9a80b6f282e90ed4e3db050de9da2a35,false,mc textures\HAS ALPHA\bp_remade\no_mip_fixes\ui,false,true
00cda6c1,b50938c23dcb7a79f4bae356df956d50cc0b4317,d0f24c01cf7a995c348ab601be560216303b2396,false,mc textures\OPAQUE\bp_remade\no_mip_fixes\ui,true,true
00cdb0a6,71acf320716e6f0d2df1abeed65aeb90f019ff04,5c62b1fc5490a6aa9e08d8834ce2a5da501b84c5,false,mc textures\HAS ALPHA\bp_remade\no_mip_fixes\ui,false,true
00cdeba7,cad7cf9d32ba7d6db479bb07872b8836b15cd6a1,d94e95a614a71ea3d49445b67df4cde54b2387e7,false,mc textures\HAS ALPHA\bp_remade\no_mip_fixes\ui,false,true
00ce999d,89548f6f11db37caeeb47685adc269768ee0e3da,ffc1024f47cd7ff6458ada43f4e4e21ce8aaac01,false,mc textures\HAS ALPHA\bp_remade\no_mip_fixes\ui,false,true
00ceb0a6,f95167165f9f59ca9c8ffccd757de051a51673d2,0c7f83a7f81618ffdf69befb9065c764c361b9b8,false,mc textures\HAS ALPHA\bp_remade\no_mip_fixes\ui,false,true
00ceeba7,ecdadcafad0c51785f7cd76105f7ba3b74e28be0,8aa58e0d73f4a68242101a51cacda01bc6987127,false,mc textures\HAS ALPHA\bp_remade\no_mip_fixes\ui,false,true
00cfb0a6,5e878bb2b833e46c2e949f7875a0b000e054cf87,8140b9540d425fe13cd6d7dde9238f52cd4187c5,false,mc textures\HAS ALPHA\bp_remade\no_mip_fixes\ui,false,true
00cfe11e,06fe47145726a8fcfaffaa6b9c533dd698df6b8b,af0e2f9f08191cafcd1c2b25d4a97d81ee37f4ff,false,mc textures\HAS ALPHA\bp_remade\no_mip_fixes\ui,false,true
00cfeba7,a46d75293407a5e01814037620ee6d13da6980ce,be844a43b374c77662d5e3e1e78c7b66d724938f,false,mc textures\HAS ALPHA\bp_remade\no_mip_fixes\ui,false,true
00d0b0a6,769b68474a2faa4a68044de97bd7c801e5a87539,2c383beca85351531067d34ed6e4c2090e91bff1,false,mc textures\HAS ALPHA\bp_remade\no_mip_fixes\ui,false,true
00d0eba7,4a732bf02c4b88154d0ed59b799b91e0e6b4295d,45f638fb8547476887f74a5e1c65224fc78e0caa,false,mc textures\HAS ALPHA\bp_remade\no_mip_fixes\ui,false,true
00d1b0a6,3e0ad5097a3a7b86bb0b4f0dccc011981002689f,6b48785220400ba3136efb2fbf9f3e0e0a5f062d,false,mc textures\HAS ALPHA\bp_remade\no_mip_fixes\ui,false,true
00d1eba7,b54fb3ee81ca1b830bb1223a20f1b4d692dfca2f,5d6aefb6fd35a4c3798617303b2c9e16b82008da,false,mc textures\HAS ALPHA\bp_remade\no_mip_fixes\ui,false,true
00d27f22,0dc2112088a92f56b0fd7b6e665ad9caf34cc990,e7bc702aee108c7322a0832c11c749a32c8f13c6,false,mc textures\HAS ALPHA\bp_remade\no_mip_fixes\ui,false,true
00d37f22,fc0a93688ed69c512d281d6db8c20cc06d601836,ae6fa2c7ea2bb6cdfe3191a8137265f3bd5c900f,false,mc textures\HAS ALPHA\bp_remade\no_mip_fixes\ui,false,true
00d4e124,933015bcbb9ee0a7007dd66060100a9d12fe4e6c,b952f0b70d2b6e7ec0daa869ffc890a91db51b0c,false,mc textures\HAS ALPHA\bp_remade\no_mip_fixes\ui,false,true
00d57f22,c9ae0e31abd32f2696a025c19f5f6d5b74ea9220,f622f4ddd4e4b841c4335209d040ea37423b65be,false,mc textures\HAS ALPHA\bp_remade\no_mip_fixes\ui,false,true
00d7a5d6,8894044d3847999e6856ba2bd8de00edf44c0632,999165ff3f949a1451aaacedd6053bfce3b76280,false,mc textures\HAS ALPHA\bp_remade\no_mip_fixes\ui,false,true
00d84d77,15e4a86f97bc5539b0b15f7c528e61bd2910095a,89aedceb3597e2fcf6a27300279e260cad834dca,false,mc textures\HAS ALPHA\bp_remade\no_mip_fixes\ui,false,true
00d85d25,0bd20e6f31a76006b4f787dcee65126abfe9d6d8,9f11038bd8985de797a0cf27ad4e2db41ce9b0fa,false,mc textures\HAS ALPHA\bp_remade\no_mip_fixes\ui,false,true
00da15e3,f3c469517744d8639071a207ea41b9f2c1636cea,4eb701f4232e1a001f7517f1a34e8a4ab02b8de4,false,mc textures\HAS ALPHA\bp_remade\no_mip_fixes\ui,false,true
00dc7290,95f71ea0cc76ab312da4db434d46d8a361ef4cd6,3d291e0b3215edaa6190f21e49be38656f82052e,false,mc textures\HAS ALPHA\bp_remade\no_mip_fixes\ui,false,true
00dcd5c6,248db730929401ea11c6d31968d7f421372384da,cab747b74d3a07c551d4b61f021a6c0d7c5eaedc,false,mc textures\HAS ALPHA\bp_remade\no_mip_fixes\ui,false,true
00dd93f9,e34654c47a9242496f047d44166a6d45c1381cd1,9979cdeb473e796a881b5e2f16232cffbfa62953,false,mc textures\HAS ALPHA\bp_remade\no_mip_fixes\ui,false,true
00de6344,6a77263ccc9c456c37d8cb7b7c1db8728522ef11,af5ec2914eca7d605b98e29c650cf2d4bb7913ab,false,mc textures\HAS ALPHA\bp_remade\no_mip_fixes\ui,false,true
00de6f30,0105b3c8911fa25c89a5d7039075747af9286385,47664749621927a7993f0389cd830b62d7235325,false,mc textures\HAS ALPHA\bp_remade\no_mip_fixes\ui,false,true
00e0bf95,a10e977d9545ba2d37214a2c47f7af56237b951a,857331eac06271bcb76aded404ee84526a469ba5,false,mc textures\HAS ALPHA\bp_remade\no_mip_fixes\ui,false,true
00e20d51,63fc7ef631132b264f7ebeeb2c37900ab525f769,f7bbbc626af00678e07ec04898a2eca4457cd023,false,mc textures\HAS ALPHA\bp_remade\no_mip_fixes\ui,false,true
00e22d51,0f3e637b88abf71622b0875062e9821e15a51bbe,a2a0afc88d0d2c863aa17cde9ade4a3f29169360,false,mc textures\HAS ALPHA\bp_remade\no_mip_fixes\ui,false,true
00e3d071,3eca0ecb3dfa048e8fdd31631d8ad3a93c73aad1,911a8536e64dc1796579ebe9cae5fae7f188fc05,false,mc textures\HAS ALPHA\bp_remade\no_mip_fixes\ui,false,true
00e4b51b,e3efcbfa6a1e00209dae33a52220ffd3e24cf17a,b4a8a02979d78d0c3deb04c85add780e58905b8e,false,mc textures\HAS ALPHA\bp_remade\no_mip_fixes\ui,false,true
00e4d0de,bffe25866d239555cd164571e573f598bf4c9bf2,4a39a67e331d15bc20898abb8003565bb8ef5f23,false,mc textures\HAS ALPHA\bp_remade\no_mip_fixes\ui,false,true
00e4d0de_41da87e72c01ef976b914cd59eef1df9,7c7f88ee20fba62d745fedadd2aec6ff368c524e,aa6ad572854cbda2c7b0f3c1ceb9ca650f209336,false,mc textures\HAS ALPHA\bp_remade\no_mip_fixes\ui,false,true
00e7ddd3,7752020b79ee5182d1472dadd5b410f243ccafc1,430f6a02b9cce354197eb650ee59c89af909a5a9,false,mc textures\HAS ALPHA\bp_remade\no_mip_fixes\ui,false,true
00e8533f,4e924e3f8e1ffd5c4e789f6c8a33afdff335fb99,c6295b205c2726889263e226876e0dd4a98da960,false,mc textures\tri with alpha\bp_remade\no_mip_fixes\ui,false,true
00e8533f_c9656c04a66db3d24c7fb50dd516a45e,0012893e903f7ae108de89c2d9a18c1e1b5c6238,0c464f6ef97c5a0f62610ca762f6501764b0f97d,false,mc textures\HAS ALPHA\bp_remade\no_mip_fixes\ui,false,true
00e9800a,1cb1623ae6d7a6c39a90faad27df61dd1a7a2c9b,ae280985a6c22c0fe5c9132405a86c5c3c789ba1,false,mc textures\HAS ALPHA\bp_remade\no_mip_fixes\ui,false,true
00eb32b4,73526d9255aa86b8cdb1e4054b812c5bf7c55203,380a902fbf9bda6e1d0ff88a0fc89596563bc096,false,mc textures\OPAQUE\bp_remade\no_mip_fixes\ui,true,true
00eb5f92,ccd2f614a247664bad57751575e833d82eb124d3,c99b433b7ec7f67f7575b04a5f1d4632aa838eed,false,mc textures\OPAQUE\bp_remade\no_mip_fixes\ui,true,true
00eb7512,1c73750cd1d49ab8c5eff3730ed66e9c5d245f69,1b9c42952c79d72e32a339bf4d71ce95d41f94c4,false,mc textures\OPAQUE\bp_remade\no_mip_fixes\ui,true,true
00ec73af,22c6459fbb18ed9297059630b0432b5e666f3e35,46ec39e1c71ff886e4bff1f7bfcf82aa0a00ef9b,false,mc textures\HAS ALPHA\bp_remade\no_mip_fixes\ui,false,true
00eca640,311440a0bb0e707944803c6a23f399c105c10d9d,887c02a6bfc9d1b225d3ba501c8f60691c81c050,false,mc textures\HAS ALPHA\bp_remade\no_mip_fixes\ui,false,true
00edb58b,1ae08db03038724537cd1643c5bac21d2969cddd,9a9986188065690eccf3fe2aac5b5ae5c8b392ab,false,mc textures\HAS ALPHA\bp_remade\no_mip_fixes\ui,false,true
00efa150,a027fc81430a26a4e1a2c8fbcedf547c60913654,25099edeb13c802494ca9619ace3602033429067,false,mc textures\HAS ALPHA\bp_remade\no_mip_fixes\ui,false,true
00f04ad1,eb01bbb03a9aac74f820eb382fd1b01a41d6cfa5,db321bbeb7f252f7f8a7b811356b24fd26b8ec3c,false,mc textures\HAS ALPHA\bp_remade\no_mip_fixes\ui,false,true
00f0852a,83b0f35b65715420bd53d183aeb17bc204471f47,ca366dcb62a8ac21fd76b4d10c0bab8852d35300,false,mc textures\HAS ALPHA\bp_remade\no_mip_fixes\ui,false,true
00f08bb3,ff6a354cb4521265909998905bdcf72645db0665,b4568f967728938807eb9702ba13b173850e71c1,false,mc textures\HAS ALPHA\bp_remade\no_mip_fixes\ui,false,true
00f0b18b,61752321ef31d8d8c19bd2217bbb6d2d89543cd7,42e1173017146d91192c353354aaa4b09008f190,false,mc textures\HAS ALPHA\bp_remade\no_mip_fixes\ui,false,true
00f24ad0,8b36c380f14b321e0bdf8cf4e823d86c22228518,5e22f1a5f3a9b77c19a27a24292525f483ba20c4,false,mc textures\HAS ALPHA\bp_remade\no_mip_fixes\ui,false,true
00f24ad1,b0d7ccecb61ce26b5009f3257a6e70e018eed754,0fefbac65291b4cec83bdf50ce43f987f8903d3f,false,mc textures\HAS ALPHA\bp_remade\no_mip_fixes\ui,false,true
00f40e09,fee0a5b15e60b84636958b5ff999bba64aade3d7,903306a4b84641bcd623cbeb1fb472001051482e,false,mc textures\HAS ALPHA\bp_remade\no_mip_fixes\ui,false,true
00f41462,afad438ee227479885189dba094721994dd1e2e6,5beb2e6d776a02865b7547019f6bebea56eb640d,false,mc textures\HAS ALPHA\bp_remade\no_mip_fixes\ui,false,true
00f44ad0,ff33a35bff371c6ccdb646ea08bc75554a3ceb76,103119fa182eba6f3477c4a69f9be9ce8011a38d,false,mc textures\HAS ALPHA\bp_remade\no_mip_fixes\ui,false,true
00f44ad1,ccdc214f7ea9d8ea65b99a56e7ffa13b917ce400,a564c0f02e7633ca418ddbd576030394c4fcbab0,false,mc textures\HAS ALPHA\bp_remade\no_mip_fixes\ui,false,true
00f4b0a9,c3bec3c8c38e6753329d1c41e624c28f011cb7ba,e3b0afc609b5e4596e1adde473ffbfdc25655019,false,mc textures\HAS ALPHA\bp_remade\no_mip_fixes\ui,false,true
00f4e3ec,9c7dfde2f15ce600412be9f4427c907e7f944ff2,1691c0f4eb2e9181d4e6b7b59da42defb61e5e92,false,mc textures\HAS ALPHA\bp_remade\no_mip_fixes\ui,false,true
00f51462,d9fddb45b5e53dd680c7a16b5ee9bbbfadbb183b,ccd06b1235ff1bac55b467bde067812c287bfe74,false,mc textures\HAS ALPHA\bp_remade\no_mip_fixes\ui,false,true
00f52511,b7c0e1e1d4359cd347b69a76d61390e36848155e,c80211adfd4a852ff552337b5bfca609a4290b1d,false,mc textures\HAS ALPHA\bp_remade\no_mip_fixes\ui,false,true
00f64ad0,252d3ec202177406184e6908f5c5c3e82a24affb,778644f94256b945d168ce753309e8e6a1ee4200,false,mc textures\HAS ALPHA\bp_remade\no_mip_fixes\ui,false,true
00f64ad1,24e37b3535b985f296843ab2bf1eff06627fda8a,fc152f8be7089e01574e75e98509afe75efe6b82,false,mc textures\HAS ALPHA\bp_remade\no_mip_fixes\ui,false,true
00f8237e,b1a94571a347123815b79b5b8da978c09d6add02,0e2ace43c128c624005179246b0a524217a7bceb,false,mc textures\HAS ALPHA\bp_remade\no_mip_fixes\ui,false,true
00f84320,82b2abe9bd0b12108fe395aaa195c379f9dc681d,be597b4fc675db269c9a40e0eb944a8f2ab13335,false,mc textures\HAS ALPHA\bp_remade\no_mip_fixes\ui,false,true
00f84ad0,c01ab7f06062a8f2c62b75be421f7fa12ff1898c,d2ed24a341c7522d2dfae0be110699c0fd31e32f,false,mc textures\HAS ALPHA\bp_remade\no_mip_fixes\ui,false,true
00f84ad1,9022374a127590ed402ed02a58b5a0ee2eb75073,57c20df6b15bb68ce7a9fdb5f043b0abc74e7744,false,mc textures\HAS ALPHA\bp_remade\no_mip_fixes\ui,false,true
00f8852a,095ae1bc7cd9f1c3a04f1e0afb57fc2a824477c0,364089e9179cc3096efd45c0c8d3d5351b19d077,false,mc textures\HAS ALPHA\bp_remade\no_mip_fixes\ui,false,true
00f94320,e2762d385f3d8dee2fdbcebb6dda95b6becbfedb,fd67b07aa1d338ca6a5857633f2fddd7bceaa312,false,mc textures\HAS ALPHA\bp_remade\no_mip_fixes\ui,false,true
00f995ec,fb8a46e782ca58760264fc9b4063376f97cead79,3cd6fc7295868c46b38652a552b63e15017d3256,false,mc textures\HAS ALPHA\bp_remade\no_mip_fixes\ui,false,true
00fa4ad0,38359e636cd677011eee4e675b1a8d9cef76fd03,f5aad59a2eba3bff526b20eb2794adc9716df98d,false,mc textures\HAS ALPHA\bp_remade\no_mip_fixes\ui,false,true
00fa4ad1,62ad688d979922d2fa2e86a4f8348b70f377f478,dd4930ae023ea55a211153e829aa66de98433013,false,mc textures\HAS ALPHA\bp_remade\no_mip_fixes\ui,false,true
00fad318,7386e38b63ad56d21d78329402d61281c2bd1822,1428dbb012785ab3fb53b7bb8a2ebbe1a204bedb,false,mc textures\HAS ALPHA\bp_remade\no_mip_fixes\ui,false,true
00fb2383,9fb316f557c632f7377ef2f6791a2bf439e3cdf6,b8a476c78ea48c7078fff96df99a6bc05628c4a5,false,mc textures\HAS ALPHA\bp_remade\no_mip_fixes\ui,false,true
00fb5e0d,1d6ee6c6011730b312f77319e71e32ca4e4ca363,4b01fb5415e180884b73163f468da0f4e9450142,false,mc textures\HAS ALPHA\bp_remade\no_mip_fixes\ui,false,true
00fb5e0d_3a2f9c020f2b36a95c909e29cb3e4aae,0a8369627acec207ef92af02a114080a80ef0e92,ef3abfc5181bc503736a62778ccaf5b1c44fddbb,false,mc textures\tri with alpha\bp_remade\no_mip_fixes\ui,false,true
00fc4ad0,a41bee6bb095e41391596b2e751d803f236f89a8,ecb78ea9e46eea750c202c2b51edc9b5da722ab1,false,mc textures\HAS ALPHA\bp_remade\no_mip_fixes\ui,false,true
00fc4ad1,82c7b96fd709df1f45b56a42a02df6cceef0f28b,35049e5e5e368e2082e8963a2c0d07e8d14500b5,false,mc textures\HAS ALPHA\bp_remade\no_mip_fixes\ui,false,true
00fe04ea,c976eb86e66aef885abd80b8a4b9d358471dc6fa,04baab0e5e70f517c460c6976f64a029e97b891c,false,mc textures\HAS ALPHA\bp_remade\no_mip_fixes\ui,false,true
00fe4ad0,ef7b8104fd1590bee08a631ffbc6334bb07033c2,af8711f369c401d8972453d27a86c89a052754ec,false,mc textures\HAS ALPHA\bp_remade\no_mip_fixes\ui,false,true
00fe4ad1,9add5d74df532e546aa6d039bd505eb66b1f2bb4,7d8970bc97c07dbbb2994f8b7e542a497e21ef19,false,mc textures\HAS ALPHA\bp_remade\no_mip_fixes\ui,false,true
00fe564d,519f19261ab5f1224958b5bcb2a5570e17824e77,0c77e76da5f2a57bd9e5bdbec7ad98315e1809b8,false,mc textures\HAS ALPHA\bp_remade\no_mip_fixes\ui,false,true
00ff04ea,2ffb4ce16971ff47e844f1430b57aa0a9ee75e29,82fa1085552b0b7f67f460206e45fccff2222520,false,mc textures\HAS ALPHA\bp_remade\no_mip_fixes\ui,false,true
24c_over_alp_ovl.bmp,7735f7e0f2bccec646d2619a75bec735b62d17c7,1f8beec6ea2c06d238f011acb12711738b97e761,false,mc textures\HAS ALPHA\bp_remade\no_mip_fixes\ui,false,true
ab_alp_ovl.bmp,9ab4bf75ab5898064694ed365e1f8922ec32aed6,9f9254107b47047e83455d1e7b68a244a050a047,false,mc textures\HAS ALPHA\bp_remade\no_mip_fixes\ui,false,true
acd_alp_ovl.bmp,3323203269caa3755797a6d13b485465fe25e679,7e5f153b8bf91691243e7235cbce6e138e96a131,false,mc textures\HAS ALPHA\bp_remade\no_mip_fixes\ui,false,true
act_telop10_alp_ovl.bmp,9e2ce2259d0d9fcd1474c7314928fe234790c7d1,7e3c58d04d4147e6a8214c349efb4e102e465e84,false,mc textures\HAS ALPHA\bp_remade\no_mip_fixes\ui,false,true
act_telop11_alp_ovl.bmp,0bb64b9761f91ce0118af333dfb71b4454afb262,fd36b33390b5b634f4ad2a54977ffe0fa8836285,false,mc textures\HAS ALPHA\bp_remade\no_mip_fixes\ui,false,true
act_telop2_alp_ovl.bmp,2b1c9a0f7a241006bb26a8e260fd530ef6693827,28d84f597b65b5904fe04b48cfa641aae44dc049,false,mc textures\HAS ALPHA\bp_remade\no_mip_fixes\ui,false,true
act_telop3_alp_ovl.bmp,560a77fad03da71f8bd7aadfc29b4959ea4e6421,33d404b0d15de128d3a0a00fb91fbc5e4f2d8be2,false,mc textures\HAS ALPHA\bp_remade\no_mip_fixes\ui,false,true
act_telop4_alp_ovl.bmp,f1a8116da2c64f762297ee14d3bf6274be3c21e9,3e551145e05ac35a61e3cfc05cfd73f7fd9f2958,false,mc textures\HAS ALPHA\bp_remade\no_mip_fixes\ui,false,true
act_telop5_alp_ovl.bmp_e350349959b1556776f7b5d2e07689fc,51225dcd19e572deaf30e5b016f8cd1f9db46398,d6898d4dfc4ca90650409fd989cbed3318b03aac,false,mc textures\HAS ALPHA\bp_remade\no_mip_fixes\ui,false,true
act_telop6_alp_ovl.bmp,a47474d1ef6dc621671826c3daf1c8be8de028ba,3bc24f1fb1631741e66190e8fd0065d6ff4a247e,false,mc textures\HAS ALPHA\bp_remade\no_mip_fixes\ui,false,true
act_telop8_alp_ovl.bmp,723874b1ed7363a37e43a8d51db68db225c32e66,d811c35fe80a355f899d5952ab0e2cf5716fe173,false,mc textures\HAS ALPHA\bp_remade\no_mip_fixes\ui,false,true
act_telop9_alp_ovl.bmp,8e25e056e283134c8e0c5d509c600f408b9bc4be,a5da14174fdad435a3efd282d0ffd0e54a6ab04c,false,mc textures\HAS ALPHA\bp_remade\no_mip_fixes\ui,false,true
aks_alp_ovl.bmp,21f6ac2695de05cf575a0229e0b927f97fb04352,282bc7934e98c088404d0f823415236264fb0354,false,mc textures\HAS ALPHA\bp_remade\no_mip_fixes\ui,false,true
aks_sp2_alp_ovl.bmp,455284bf49b91edaf9bbb150783fdddcde30fa0c,7ea3654ad57043ad17fb4cbf4f0869d9f045a8af,false,mc textures\HAS ALPHA\bp_remade\no_mip_fixes\ui,false,true
aks_sp_alp_ovl.bmp,458faeba85b9c6c2e2ae6d4f0f68b00f49e7dd3d,bdd5d728801420caf2d1302ab1b216e65cec4c75,false,mc textures\HAS ALPHA\bp_remade\no_mip_fixes\ui,false,true
alt_alp_ovl.bmp,dd8532c2f9fd4fbabbcb12f39ec58d4faffb683a,05275fac0cb9d0ba23bfc76e2b757f14f4bcaddd,false,mc textures\HAS ALPHA\bp_remade\no_mip_fixes\ui,false,true
alt_b_alp_ovl.bmp,e0925d74152f47c0d35a7a5231d20cdaa834c59d,6bf64996e2f41b4030d19b0d42bb1ebfe347b4cf,false,mc textures\HAS ALPHA\bp_remade\no_mip_fixes\ui,false,true
animal_alp_ovl.bmp,f6142d37dff93cd6aa5c6bd000bc2b36d98782be,a343bb21b1d02bc1d3e102b6ce9e9e50a2202295,false,mc textures\OPAQUE\bp_remade\no_mip_fixes\ui,true,true
aps_alp_ovl.bmp,9d8ae13333ed505ea630a90233c183c88b4695a2,decf4f461c6e41f2675c0275f518824c4a857b88,false,mc textures\HAS ALPHA\bp_remade\no_mip_fixes\ui,false,true
bnd_alp_ovl.bmp,80509ff903a70e79b3ee001c5f8414906322b001,b43b0bf5f8e49cbf975cbfe274dc60507b316fe2,false,mc textures\tri with alpha\bp_remade\no_mip_fixes\ui,false,true
bsn1_alp_ovl.bmp,e4d788d1efe3c30e831a5efec392c37e9501e11d,e2338944b03d36068be2fc3ccce95f41a3b029f9,false,mc textures\HAS ALPHA\bp_remade\no_mip_fixes\ui,false,true
bsn2_alp_ovl.bmp,d0e30cb780dc6074c3dc1ccd7073b52cd85b5fa6,da459add1c9120075cedbc441699816479906fa3,false,mc textures\HAS ALPHA\bp_remade\no_mip_fixes\ui,false,true
camera_alp_ovl.bmp,e10ffc90cbd854d24ba5858bad073f52fbdff7e3,46da95ffe43e86986ee04849cf43f5df31335abf,false,mc textures\HAS ALPHA\bp_remade\no_mip_fixes\ui,false,true
cau_alp_ovl.bmp,114956731884cdc6bb487e461b6f969dad40c94c,d71b6ca2825207e9b5b9feceea52ae6b38439571,false,mc textures\HAS ALPHA\bp_remade\no_mip_fixes\ui,false,true
cbox_dry_alp_ovl.bmp,73da75c5e28f0f21d6800e773c1231649c00ada2,4f33ebe946bdaa8fc9fbfaede9adf3d7928cedd8,false,mc textures\tri with alpha\bp_remade\no_mip_fixes\ui,false,true
cbox_wet_alp_ovl.bmp,94a4fb3603008e671457e1ff7bb1181af1f409be,47f62f84b5756bcac2baf7d1250340ed5ea1e901,false,mc textures\tri with alpha\bp_remade\no_mip_fixes\ui,false,true
cbx_a_alp_ovl.bmp,b56142d0acd7333ab737b9a2b2fd692724fca52f,704af156350f8feccb2b4da233a34c18f4026de7,false,mc textures\HAS ALPHA\bp_remade\no_mip_fixes\ui,false,true
cbx_b_alp_ovl.bmp,06a3af78448a199db7aefd8c70296dd974afe0ce,b5026783ecc305e2d00d2582d353f2edc75bd3ad,false,mc textures\HAS ALPHA\bp_remade\no_mip_fixes\ui,false,true
cbx_c_alp_ovl.bmp,ddfbef3d50f904a3bdbe9880c9857cdb1ccc6df6,63707eb8ba5283ca1a05fcb6e5f39fabfa90aeb1,false,mc textures\tri with alpha\bp_remade\no_mip_fixes\ui,false,true
cbx_d_alp_ovl.bmp,814023d8a11fab70860a45f1bdf6002e8b3dc44b,c3ac72fda70866cdc221fa9610187a65e99076fe,false,mc textures\HAS ALPHA\bp_remade\no_mip_fixes\ui,false,true
cbx_e_alp_ovl.bmp,b18750e8ff27e2d361c07a4cfbf4469a4c915625,87281a5f1ea91144a4414c68bde8f7e93bbebee9,false,mc textures\HAS ALPHA\bp_remade\no_mip_fixes\ui,false,true
cbx_f_alp_ovl.bmp,1bb7b979fd8b4fa1fef4335655c6ded363ff92e9,36f0a522c3a9433c64a17b6cec9fd0406dba0502,false,mc textures\HAS ALPHA\bp_remade\no_mip_fixes\ui,false,true
cfr_alp_ovl.bmp,85d24ad75b0dcfa0a6922c49bd0d18f4e9e9b200,49aea4849394a10ebc762a3df142767c0c370e7a,false,mc textures\HAS ALPHA\bp_remade\no_mip_fixes\ui,false,true
chaff_alp_ovl.bmp,5534046927beebf32444db7bdee76541bcc28aa6,6d539c6d244ee98dc14fbf75d8f1b7d559edd899,false,mc textures\HAS ALPHA\bp_remade\no_mip_fixes\ui,false,true
class1_alp_ovl.bmp,ae6c774da7f6682ae02a3f0bfab56b4500f8f638,59dbc44fb3c40a67774343cf4f6d5380e519a256,false,mc textures\HAS ALPHA\bp_remade\no_mip_fixes\ui,false,true
class2_alp_ovl.bmp,db4d57f382fe17f2a7f0c3299dd699f12f81c450,53fb8dc2f9a447fae363ac1bf0fc95a80eafb639,false,mc textures\HAS ALPHA\bp_remade\no_mip_fixes\ui,false,true
class3_alp_ovl.bmp,2c42a1c98f0304a09112a93a47b8ef0fdd28f20e,4c06cdf8a6f977a95eaff2dd601630d661e7abb6,false,mc textures\HAS ALPHA\bp_remade\no_mip_fixes\ui,false,true
clr_alp_ovl.bmp,087192e12a1a94b2b43beca1988fa6ed7ef601d1,240d5bae06f5bf4c279dd339200a42406ea4f055,false,mc textures\HAS ALPHA\bp_remade\no_mip_fixes\ui,false,true
cls_alp_ovl.bmp,8f81ab11d28962a8790ce32fdc51a19945e9e693,484913034bb4e7ee61041454635b95c78866f281,false,mc textures\HAS ALPHA\bp_remade\no_mip_fixes\ui,false,true
cray_alp_ovl.bmp,88ae1388fc594322a280a9d92a1c6975c82e2d9b,80c616ff88b24b56ab42de9e92f1b9898645e175,false,mc textures\HAS ALPHA\bp_remade\no_mip_fixes\ui,false,true
dekisi_alp_ovl.bmp,b0862116741ee2f206c1dd0c357203756285ba9e,9487dfd3dd4450b0e5f9330e05e92dd09d17dc93,false,mc textures\OPAQUE\bp_remade\no_mip_fixes\ui,true,true
dmp_alp_ovl.bmp,df152dfa8161fa1c27ab6b85ee416cad0fb907bb,7bda8e6fa7e7918f642a3297222bd2650f7837a1,false,mc textures\HAS ALPHA\bp_remade\no_mip_fixes\ui,false,true
dog_alp_ovl.bmp,fe6b5eb4677943e70fa8865a480f108459c1e8fb,dcfe306022f5500afa0643ba9d7ca490ef73e418,false,mc textures\HAS ALPHA\bp_remade\no_mip_fixes\ui,false,true
ema_died_alp_ovl.bmp,e1dfa3d00bfaed39d65a7b2dedf4cce32d3ea24f,f5875b95f6edea15ba527d367fb05845102db8c2,false,mc textures\OPAQUE\bp_remade\no_mip_fixes\ui,true,true
empty_alp_ovl.bmp,5c200b2a8a4cf190831ebb6335325890834c0dc9,0f546c9ed1bd09b0decbb834694296e1d3f5a7bc,false,mc textures\HAS ALPHA\bp_remade\no_mip_fixes\ui,false,true
eva_alp_ovl.bmp,6f150698664145d1931b2b39dcb1f6fb1c75a0d2,0c365a5399da897b9b83e1e2dd08e44bc62bc8f8,false,mc textures\HAS ALPHA\bp_remade\no_mip_fixes\ui,false,true
exit_alp_add_ovl.bmp,b9d18d7c79b395bb3b18ff5dc54e1608c5cfc6a1,c8c7a6225325a5e285d2f1db6d2c3400709884c4,false,mc textures\HAS ALPHA\bp_remade\no_mip_fixes\ui,false,true
exit_alp_ovl.bmp,68a84dc4e018b34354487ac6c445ccf58bded5f7,72d11237fd7a153ed04ce38378d71fb279228867,false,mc textures\HAS ALPHA\bp_remade\no_mip_fixes\ui,false,true
exit_alp_ovl.bmp_2e80fcdf52d4e88c977557d852b3bb00,ab5168c214c10a382997f290aa81f89a8a7d06f4,71c879d47e9548ec25247750557e8cdae6dc7b1d,false,mc textures\HAS ALPHA\bp_remade\no_mip_fixes\ui,false,true
exit_alp_ovl.bmp_6caebe23bde6080a351ba6c3fd17f622,65d76e6007bb1377ce312bdf0db280bd7e872773,ce3ec26790162162141949ef7b4dd85312e5eac9,false,mc textures\HAS ALPHA\bp_remade\no_mip_fixes\ui,false,true
exit_alp_ovl.bmp_794456ba9bbbfd3e16cf3cf4157c6d56,4ab970f26c39b26b03f6ef9461d9e3a094153d2a,1967ecd9ddae4f8344c83c654657b54b9a9b83a6,false,mc textures\HAS ALPHA\bp_remade\no_mip_fixes\ui,false,true
exit_alp_ovl.bmp_7f9196f232454b86ef93cc3591f1f2ab,0cb47ca35bb5b1e78dc67b4b382635ecc82d5129,109163e45bbadbf15d7dc3670ae0d2450e06ff4e,false,mc textures\HAS ALPHA\bp_remade\no_mip_fixes\ui,false,true
fake_exit_alp_ovl.bmp,27665105f8ed08f532fddd58f4ea225dd363d026,7131b5fbf119cae32e5e7f3e919fb941b9d97ce2,false,mc textures\HAS ALPHA\bp_remade\no_mip_fixes\ui,false,true
fall_alp_ovl.bmp,0bc996ea5fe00fb97d92322e5c8b1541fce74b47,a752d8a4baae61a95f24e017baac163bb72a1c24,false,mc textures\OPAQUE\bp_remade\no_mip_fixes\ui,true,true
fms_alp_ovl.bmp_afd64baad5879a54d69dceeb416e0963,845985b848a1af2e05f0bf5ee48f9abeb968d8f5,4f123ab14da6975cf9bc34f0629dd32fa78749ed,false,mc textures\tri with alpha\bp_remade\no_mip_fixes\ui,false,true
gol1_alp_ovl.bmp,724aeb07c2a3fe7acff2a4fd54fc2b933c123572,7543ae9146b4394f1bd837b66d000056dc46f8a1,false,mc textures\HAS ALPHA\bp_remade\no_mip_fixes\ui,false,true
gol2_alp_ovl.bmp,5a20b0936c2a2cf684140b1d0e9dc1206bcba721,8c6072202b9a0bf30943f6846e8e5bee387e9b82,false,mc textures\HAS ALPHA\bp_remade\no_mip_fixes\ui,false,true
gre_alp_ovl.bmp,6ed3ab45f9a1eddfa96e670a268bb443898e783a,af31ffec33c07a991515eb6cc711cab8a90c95a1,false,mc textures\HAS ALPHA\bp_remade\no_mip_fixes\ui,false,true
hfb2_alp_ovl.bmp,6b286b815a7468e9bba9b03c227f40f07da18029,1671cd1177324a5d91d272b1f5c618f9a29edf43,false,mc textures\HAS ALPHA\bp_remade\no_mip_fixes\ui,false,true
hfb_alp_ovl.bmp,bb585aa33e7020cd55fe5ca13934826e2b9ec14e,bc259f8d07363cbe394c1e15772619dde4797b36,false,mc textures\HAS ALPHA\bp_remade\no_mip_fixes\ui,false,true
htl_alp_ovl.bmp,38427a7957221e1d0f2c6cc793f06b53dd7a7d60,149b16320d777e2929ae5c4a89893f4111ef183e,false,mc textures\HAS ALPHA\bp_remade\no_mip_fixes\ui,false,true
jam_alp_ovl.bmp,b4e88b15df7638f17e7a3cc1954792bf57092191,95b13e61f016b419514b1bf537692c5fa65832f5,false,mc textures\HAS ALPHA\bp_remade\no_mip_fixes\ui,false,true
m4a_nm_alp_ovl.bmp,f867d9451d887030d84d16b99126acc58018bb37,e0887e54005ca12a10c44387543a91b78d4c2e59,false,mc textures\HAS ALPHA\bp_remade\no_mip_fixes\ui,false,true
m9_alp_ovl.bmp,2d7c0049fed50ceb6cd20d91e163e31011ba4f01,d7444587ede39f16953aea14b5802b2a27c4e047,false,mc textures\HAS ALPHA\bp_remade\no_mip_fixes\ui,false,true
mag_alp_ovl.bmp,9b25b8b5e4f540afce14b7b30ec0525517422bd9,2f54b51a5d4a0c7f136863aad1f1a5b218755e3a,false,mc textures\HAS ALPHA\bp_remade\no_mip_fixes\ui,false,true
medi_alp_ovl.bmp,6073fed7b47db59fb4e98875732f421d2845f9cd,b349f3aaa2cfbdffb49930009877e38d7c9d26b1,false,mc textures\HAS ALPHA\bp_remade\no_mip_fixes\ui,false,true
mnd_alp_ovl.bmp,eb722719b4a290409aa9f0cdcb55554e80a98ce2,a30a4b66aa03b3ec4d14d04f5b1b7f3cad37c111,false,mc textures\HAS ALPHA\bp_remade\no_mip_fixes\ui,false,true
mod_alp_ovl.bmp,a7338cf9ce2de521576875dbaddaf64eb7eb9ae3,7880110eebb43b7bae7169566f6ab3907d4f8b82,false,mc textures\HAS ALPHA\bp_remade\no_mip_fixes\ui,false,true
museum_de_alp_ovl.bmp,d2ce57f23ebec5eeb374b5efcc9bd888787fab53,2da0331ff706aa05a8e18ccee28853beb04e4752,false,mc textures\OPAQUE\bp_remade\no_mip_fixes\ui,true,true
museum_e_alp_ovl.bmp,86214881a8b08b52443d938f3800067869528939,6c06183e4915c60cee25d43e61c89d27a9a0f3a9,false,mc textures\OPAQUE\bp_remade\no_mip_fixes\ui,true,true
museum_es_alp_ovl.bmp,e37f8083431e7ba5bce0ad551e7c8073ba54a97c,76ac795ea0f8f2acf488aa45bee05c748b313036,false,mc textures\OPAQUE\bp_remade\no_mip_fixes\ui,true,true
museum_fr_alp_ovl.bmp,847344b7a01ca0945ad87d519a47a3ef6b04b709,c5ba565bf99cf24f7f13c8e3299a67f6a8cd0731,false,mc textures\OPAQUE\bp_remade\no_mip_fixes\ui,true,true
museum_it_alp_ovl.bmp,52d73c6cd6bc7647193d41b5fb91f15c9de5330e,229e745b5746c86fb50625150def0e7315633d06,false,mc textures\OPAQUE\bp_remade\no_mip_fixes\ui,true,true
museum_j_alp_ovl.bmp,b96f448b10e1758976c922b087d39229e6768a58,a43304396c375b524e47282e4bcb2f8dbdae990a,false,mc textures\OPAQUE\bp_remade\no_mip_fixes\ui,true,true
ngl_alp_ovl.bmp,bf6a1407d28f53917ba759394eb296d0e56216a8,09dae1ce6c960e92c842cf8bb247a8bf0d5fb11c,false,mc textures\tri with alpha\bp_remade\no_mip_fixes\ui,false,true
niki_alp_ovl.bmp,204fcc345db598726154bf422fdb356791b5ba11,aef5c011d4e8166d65580f5c11200e4c5e3c32a7,false,mc textures\HAS ALPHA\bp_remade\no_mip_fixes\ui,false,true
nom_b_alp_ovl.bmp,fdb2e37572a1d7984ca96545ca994de74da9b8de,0f2a6544f075978acde9bb1108a935f8a0947545,false,mc textures\HAS ALPHA\bp_remade\no_mip_fixes\ui,false,true
odai_a01a_ldr00.bmp,0b15947091148a5c7919851c3052d0ecce9e6d61,904d41a761f02655eff139b3fb1fd413954c8816,false,mc textures\OPAQUE\bp_remade\no_mip_fixes\ui,true,true
odai_a01a_ldr00a.bmp,6de1ee348b47738947dd7d1418709d36413e4259,e5cc1b80775dfaa7705c5fe5453169869d553af7,false,mc textures\OPAQUE\bp_remade\no_mip_fixes\ui,true,true
odai_a01a_ldr01.bmp,1b8488a99b558272a8300791f68f0e61553d7872,4275a15367bff1503eaa0a6730c85d271c7d4280,false,mc textures\OPAQUE\bp_remade\no_mip_fixes\ui,true,true
odai_a01a_ldr01a.bmp,8932f06df9cd6965c75b4d1e04c70981cbce8154,1ff039110814c1b0248349c058b1209885e502ee,false,mc textures\OPAQUE\bp_remade\no_mip_fixes\ui,true,true
odai_a01a_ldr02.bmp,a1ccaed47f446c405078d9d7a82d1a79c50eade2,2989140b64063ba5f8baf40063085200b490ce1e,false,mc textures\OPAQUE\bp_remade\no_mip_fixes\ui,true,true
odai_a01a_ldr03.bmp,e652e5313cb0769b1661964ae6d09ac4547781ff,3704452a35242cd3aad742c504f2201082ff234d,false,mc textures\OPAQUE\bp_remade\no_mip_fixes\ui,true,true
odai_a01a_ldr03a.bmp,6689e8aa7b5fcb5a18f6eef3282ff0ef29f267dd,ff0797d812ad61363d3f9835f0752191a5ef260b,false,mc textures\OPAQUE\bp_remade\no_mip_fixes\ui,true,true
odai_a01a_ldr04.bmp,128ddc998180f3e4793c933eafa337d8a76b304c,ccf0ec248d5ecc3df37517d7f63253117edf90b0,false,mc textures\OPAQUE\bp_remade\no_mip_fixes\ui,true,true
odai_a01a_ldr04a.bmp,7536b9f4547d1bcebc935b5dc8adcb7b9a56ffbf,eb94aa0301aa55fceccc1c7e27a3c1f0ae206bfc,false,mc textures\OPAQUE\bp_remade\no_mip_fixes\ui,true,true
odai_a24a_ldr00.bmp,95fe2ab87e02baf463ff16755b9eed4a91bd0d56,1fbf22820c1efca46ae267c435bb16260e1abb4b,false,mc textures\OPAQUE\bp_remade\no_mip_fixes\ui,true,true
odai_a24a_ldr01.bmp,d2dc4bb386d098aa4c5a0cebb45fe1fb9db6e4c1,90b7f5de08a955ec5f41bf3a7d185d96aeb50533,false,mc textures\OPAQUE\bp_remade\no_mip_fixes\ui,true,true
odai_a24a_ldr02.bmp,e00e2caee328f8498749edb8c1c25e7c98a5ebdc,32eae64548d35d49c764951e38c2d766fed1c8eb,false,mc textures\OPAQUE\bp_remade\no_mip_fixes\ui,true,true
odai_a24d2_pane03.bmp,1d23750d430293bf66cd4ae42dd9a22fdc25febc,6dbc844337bf34487998490000771be0a6e30cb1,false,mc textures\OPAQUE\bp_remade\no_mip_fixes\ui,true,true
odai_a24d2_pane04.bmp,1d681fe208970c24e328a7dd4422667c8797bf77,5e03b2ac8b058c077d9b0104b8ebccdf3a367010,false,mc textures\OPAQUE\bp_remade\no_mip_fixes\ui,true,true
psg2_alp_ovl.bmp,589e65067116302bc72cb0939531bf99b2a4e7e1,d3ff472ceeeb7217056fcec56c9e6338126818ba,false,mc textures\HAS ALPHA\bp_remade\no_mip_fixes\ui,false,true
psg_alp_ovl.bmp,52bf2ca7cade6dcccfc5c37c56a1317a416d4e8e,99dd5f328dc76bd39973cb4378229a19ee87aa61,false,mc textures\HAS ALPHA\bp_remade\no_mip_fixes\ui,false,true
ration_alp_ovl.bmp,bf453a3faf605050dd7cb0957b320da65707c3b8,799aa30a2b088dd46125b2f03fbc49d5c0b99014,false,mc textures\HAS ALPHA\bp_remade\no_mip_fixes\ui,false,true
rgb_alp_ovl.bmp,5599d411aeb5071e4a80bdb814cab85926f86107,3feaf2a5321b3a5ea63059dbce956ac23a8f7e8a,false,mc textures\HAS ALPHA\bp_remade\no_mip_fixes\ui,false,true
sam_alp_ovl.bmp,bc4987de3124625c6d167c84830b1e19809254e3,87b065e2d09684b3355d7d974ade4e7035c37551,false,mc textures\HAS ALPHA\bp_remade\no_mip_fixes\ui,false,true
scm2_alp_ovl.bmp,3472644b8c4dd8aaba375b33c5c1c1cf7e86a45a,6f099579e2ee673ebdc76dc6bd4e8e9e9c553c0d,false,mc textures\HAS ALPHA\bp_remade\no_mip_fixes\ui,false,true
scm_alp_ovl.bmp,7f3e503af586cf27583805d2f63e83a2e5ee66ed,1067b3705c63b48394c51a0a6a2fd4d48002a235,false,mc textures\HAS ALPHA\bp_remade\no_mip_fixes\ui,false,true
scm_sp2_alp_ovl.bmp,8824eeee26b45d4e4a766d69381ce272d639428f,4c84542890d216a8574f12fa3ef8052265e22587,false,mc textures\HAS ALPHA\bp_remade\no_mip_fixes\ui,false,true
scope_alp_ovl.bmp,80886b1f4a24a4006884db0f109c44cf6cc81521,09c80d0664af9bbea5f3c6629b91821601a53fd6,false,mc textures\HAS ALPHA\bp_remade\no_mip_fixes\ui,false,true
shv_alp_ovl.bmp,602d8a2cbb09e2ab32fb7e4ed9212f5e7d3f2394,ee9da7e6f203429dcac948b5a840ef3ecd677f38,false,mc textures\HAS ALPHA\bp_remade\no_mip_fixes\ui,false,true
smoke_alp_ovl.bmp,bc278009b8c4953f039c8c6782899355209b16f5,d39dea0df9ceb8b878a45fdb3b98548f19fcc624,false,mc textures\HAS ALPHA\bp_remade\no_mip_fixes\ui,false,true
sp_alp_ovl.bmp,058dc88ac109a385c4a4cc5074bb74c69cbe73ec,71974af4e8aef94a2bafd8af78cf0a60cdc4af92,false,mc textures\HAS ALPHA\bp_remade\no_mip_fixes\ui,false,true
sr00e_alp_ovl.bmp,87e42acb52573ea361a7356839fbe8e172e310ca,49f1a8146fc31f095e3467aa4c67174084f93dcc,false,mc textures\HAS ALPHA\bp_remade\no_mip_fixes\ui,false,true
sr01j_alp_ovl.bmp_71b551295ba518fae4283bd712544a6d,cae33edc5152fda1ef8fd35af99ee4090862a145,fb2fc704da5de829d56753f4e9b661c761de5525,false,mc textures\HAS ALPHA\bp_remade\no_mip_fixes\ui,false,true
sr02j_alp_ovl.bmp_4a09a9b88e5c9d0cf6da451edf0dbec7,28dfa2ad7175f9c9b02cbce4d07b08a0a1b28d79,3a49b47f8227edad2ef05bb4938ff49ef0df5b30,false,mc textures\HAS ALPHA\bp_remade\no_mip_fixes\ui,false,true
sr04e_alp_ovl.bmp,ec2472c32677cf6ad413d91c095cde1e708913f8,088b73cff378d3a79d6f915ecb2df5de9c5077be,false,mc textures\HAS ALPHA\bp_remade\no_mip_fixes\ui,false,true
sr04e_alp_ovl.bmp_7df013dc1a4acc27c98bdd79b9268942,0788b40abad6af15ff396b1d24f7f58ae64b5fed,d0dedeadc5145ad03195de79021fdff75b930e52,false,mc textures\HAS ALPHA\bp_remade\no_mip_fixes\ui,false,true
sr04j_alp_ovl.bmp_1383a677978c887d8f593c2469a8401a,e8fb93e1fb4f7a3ac352ce45178ff4c5bc3a930b,3d99d1ef5adb4def42837e0596ea420fc0e2b5fc,false,mc textures\HAS ALPHA\bp_remade\no_mip_fixes\ui,false,true
sr05e_alp_ovl.bmp,e7d0798e6dd442d50f2babca0507ca40e9727a0e,f10fb956bf9b5a2c2110579ba83331c896810e92,false,mc textures\HAS ALPHA\bp_remade\no_mip_fixes\ui,false,true
sr05e_alp_ovl.bmp_fa8e2b5b866afff71bcedae16df8e3df,d20b3452cc68d1e72589494004cfecdcb9aa3bdb,f2c7cf05727585cc968c6baef6c38134fdbce988,false,mc textures\HAS ALPHA\bp_remade\no_mip_fixes\ui,false,true
sr05j_alp_ovl.bmp_bf1906e485ccafe1c218be12a5453562,f3fb6b544881891c43a1486eaf3d8e53fce519e3,ddeeb81c909e2cb4ea0df87b2aa07b441c962cd3,false,mc textures\HAS ALPHA\bp_remade\no_mip_fixes\ui,false,true
sr06e_alp_ovl.bmp,8a88bc898f8e4118e5643a0faeb53fb7fcff53f1,fb4f69b2748c18638ff92a49e3d2afd582ca95bc,false,mc textures\HAS ALPHA\bp_remade\no_mip_fixes\ui,false,true
sr06e_alp_ovl.bmp_93ce3028cb41917a7f5a86e1a5cef339,83f6cf53272ccc1e946b18e0f0e995dff5aaeafe,7e20c27c48f35c55dd7481f6fdf158b0a4030c84,false,mc textures\HAS ALPHA\bp_remade\no_mip_fixes\ui,false,true
sr06j_alp_ovl.bmp_3930ac3de40a80d7335f659d8d3b18df,22b442edde7dac38c12e9b5dc348d3eeb757483d,4c987ede34a955c1853a9377df7fed8f0bcb2868,false,mc textures\HAS ALPHA\bp_remade\no_mip_fixes\ui,false,true
sr07e_alp_ovl.bmp,dd4ec26bdebefe33cacef7c57e025522d352e6c6,35fd7e157ea667e19a398b61836e168ceedb725c,false,mc textures\HAS ALPHA\bp_remade\no_mip_fixes\ui,false,true
sr07e_alp_ovl.bmp_1facc522d39aa7af4c8f475392ce56fb,8607acce3747350d847ea220f86e774d362ed542,c2068f925b3ea8093422b75d0186e3e026e15e00,false,mc textures\HAS ALPHA\bp_remade\no_mip_fixes\ui,false,true
sr07j_alp_ovl.bmp_df4abf9598b5e1aaa1c931ea907a758a,fe8a83600b3b0bd9597fd78527bfd6c75aa127c5,9b23870dd22f425d12b424255065183e6c91ba2a,false,mc textures\HAS ALPHA\bp_remade\no_mip_fixes\ui,false,true
sr08e_alp_ovl.bmp,172e3facedc4b49a3f28e009951717f73a4c7be0,f11e57fc89c75c332170d52732d856f6d56806d0,false,mc textures\HAS ALPHA\bp_remade\no_mip_fixes\ui,false,true
sr08e_alp_ovl.bmp_94c5b46b1b4c4dd69ab4b85ecd7d43fe,8ca7b995af61c5abcc1a6d942dbc43c23d615cdb,d7b5ab450efb2be5d1edfb99cd8d6171b0796c3b,false,mc textures\HAS ALPHA\bp_remade\no_mip_fixes\ui,false,true
sr08j_alp_ovl.bmp_501fe309963ffa2693e775abe15afe45,5a5e5dc180c0bf984f5b93a626f5e639ac787815,5b16c83ecc68d58e28a5499ba4b24ce081641e6d,false,mc textures\HAS ALPHA\bp_remade\no_mip_fixes\ui,false,true
sr09e_alp_ovl.bmp,d42c4599dfa3e7c64d3b4640e9142eb9fb0208a7,ff441eb548f5197fdb29c99624dd51f8eebc10f9,false,mc textures\HAS ALPHA\bp_remade\no_mip_fixes\ui,false,true
sr09e_alp_ovl.bmp_2bec0cf6e2d48a41d9297cf01513f45c,f6d43ca6ad9c5366cebb727c322c6ee4a34fccbe,81647b9a96c9c5fc68a506f326d8be2ceb169795,false,mc textures\HAS ALPHA\bp_remade\no_mip_fixes\ui,false,true
sr10e_alp_ovl.bmp,ce30d5c381ea7a45bab6a623949d39e371b94163,755b9c79f6a4d08d3afbb8d9c9cb5f82b38d31d0,false,mc textures\HAS ALPHA\bp_remade\no_mip_fixes\ui,false,true
sr10e_alp_ovl.bmp_1927c59b5a429c24eac1732749ce574a,0ac957dc51c0f1d8bdff4a9d31a403eafaa981d2,3c31f8c04b7091f5f02f7ab83cfcae7119d9e786,false,mc textures\HAS ALPHA\bp_remade\no_mip_fixes\ui,false,true
sr11e_alp_ovl.bmp,592c73ac7515444fc89d27f7c96e0a893fa40612,be096414c057904db56c45968ac211a85df9f98e,false,mc textures\HAS ALPHA\bp_remade\no_mip_fixes\ui,false,true
sr11e_alp_ovl.bmp_cb0dce75f41243b62d86315f2154df35,dad25a235b46cd311d835e0538ce5f9850b08041,db8240477f466594b0a32b06ed2e977c417b9f4c,false,mc textures\HAS ALPHA\bp_remade\no_mip_fixes\ui,false,true
sr11j_alp_ovl.bmp_d403a96582282e98da76e6194a8a4c58,2424dfe6daa3f09fccfa704cc972f0aaaa172c28,942cd7b0ce0627151dd3553cae7b94c37810743f,false,mc textures\HAS ALPHA\bp_remade\no_mip_fixes\ui,false,true
sr12e_alp_ovl.bmp,1c5562a8764fcfec39003b04346fbe03a3e5e235,9f0cf952e37b66a9afc5b116143dcd15296937a1,false,mc textures\HAS ALPHA\bp_remade\no_mip_fixes\ui,false,true
sr12e_alp_ovl.bmp_49da83a2fc34ffff91d496c4100267ab,e73ac925cf15bb945e0b088e9575a9f82cb27b6e,320ea3c8fdad1eac643d2640af0b78ca37c5eaff,false,mc textures\HAS ALPHA\bp_remade\no_mip_fixes\ui,false,true
sr12j_alp_ovl.bmp_17fe60f718f515850942f8f66ba0be2a,2aa86ea1ec24cfc47341cbba376404f1ec52d4be,3fc220d6e0dfe7fcc21b746204be6647216622c4,false,mc textures\HAS ALPHA\bp_remade\no_mip_fixes\ui,false,true
sr13e_alp_ovl.bmp,7a757c40758180aee960b2c24f7349fd24c79739,36a3436a0620a9f026d0cffa400bcdfa863425b9,false,mc textures\HAS ALPHA\bp_remade\no_mip_fixes\ui,false,true
sr13e_alp_ovl.bmp_8e5d765a189254623f05bef061d0db1a,88506d311520a40128a3ced74ff89bedf402bcb9,c1047b27434e29ce20a10b8590e73a1653f33175,false,mc textures\HAS ALPHA\bp_remade\no_mip_fixes\ui,false,true
sr14e_alp_ovl.bmp,76906b2d07da312013a63745af8d43b4efeb7b9d,d9f7a26e457831747133932776bc42945509bfc5,false,mc textures\HAS ALPHA\bp_remade\no_mip_fixes\ui,false,true
sr14e_alp_ovl.bmp_ea172754f17f49457f2f04ae2319add2,033a896ed0fc0e73cb83735f2d33866eac298cb5,da2ced7b531afcc9db95a8bb64a4902ebd02d0b4,false,mc textures\HAS ALPHA\bp_remade\no_mip_fixes\ui,false,true
sr14j_alp_ovl.bmp_104b15f9971860fa4c6923382baf1463,8ba604f0e1e4305a206a371043f5742070267f52,812a2c9e3758ead38418f9e77864968f379abd0d,false,mc textures\HAS ALPHA\bp_remade\no_mip_fixes\ui,false,true
sr14j_bg_alp_ovl.bmp,412ce7d9ec7dee892a2773e45c7280d5fd8539a8,a3b845598a2669d1f687d1ecc1addf1a9b317422,false,mc textures\HAS ALPHA\bp_remade\no_mip_fixes\ui,false,true
sr16e_alp_ovl.bmp,9b957566dfaa3997eb67dd169a04aae1d6b43bba,548b4036c8787a52ab80b7780f88d6b118c86109,false,mc textures\HAS ALPHA\bp_remade\no_mip_fixes\ui,false,true
sr17e_alp_ovl.bmp,61c25d687a62b49a4eb54c7b216d8007ce3197cc,2b3af81499d0416ab9dd15d8bbbf95e59f6b9bce,false,mc textures\HAS ALPHA\bp_remade\no_mip_fixes\ui,false,true
sr18e_alp_ovl.bmp,548dbced207881d4eaab2fc9813eac4135cb3bf0,c664f3b359b4272f9c46986d65077f37648c789d,false,mc textures\HAS ALPHA\bp_remade\no_mip_fixes\ui,false,true
sr18e_alp_ovl.bmp_472bed0a443e29c45de18a81421d2ee0,5c10df761e87b2d339dbafefcd57f8aba2c0da2e,d8540e6084d0c9768c8be13cae9efd8be266b69e,false,mc textures\HAS ALPHA\bp_remade\no_mip_fixes\ui,false,true
sr18j_alp_ovl.bmp,ff00fd729c8f33838c7343d4e231a28a78ae9ae3,a5135e8daee397fc452ba5e887e07e6bb61f3d08,false,mc textures\tri with alpha\bp_remade\no_mip_fixes\ui,false,true
sr19e_alp_ovl.bmp,96de009980bb58eb3455876ce90b9943cd22e8ee,d4369542a6747de2ae034ded4964d476cfe9b6b8,false,mc textures\HAS ALPHA\bp_remade\no_mip_fixes\ui,false,true
sr19j_alp_ovl.bmp,42dd5900236f265b2562c6cd0ea44a1b457f16a1,058a58c05fbba42424ec0d8742b15adece388c1b,false,mc textures\tri with alpha\bp_remade\no_mip_fixes\ui,false,true
sr20e_alp_ovl.bmp,0037b0fad5ba7fc1f51013984e5410548fc2c327,8beb153b44a2de33c45ccf02b65afdbb07d1d9b8,false,mc textures\HAS ALPHA\bp_remade\no_mip_fixes\ui,false,true
sr21e_alp_ovl.bmp,2b235df1b455688e4214e41f7a290dd1a9c209fa,34236eed42d8d808ea9536091d7e9840dc6e139d,false,mc textures\HAS ALPHA\bp_remade\no_mip_fixes\ui,false,true
sr22e_alp_ovl.bmp,2801fcd35baae890185ba95abc31b4259ebf1d50,5f24925d361a966849c13cd53b00ce2404e03996,false,mc textures\HAS ALPHA\bp_remade\no_mip_fixes\ui,false,true
sr23e_alp_ovl.bmp,a2cd8cab3d4d960de16600e83e4679f0ea1ed51c,d8aa91b6ea7dd3a88d713fa6fbc90dde8421db68,false,mc textures\HAS ALPHA\bp_remade\no_mip_fixes\ui,false,true
sr24e_alp_ovl.bmp,494057bc189404942534e8e723564ceb3d9754f4,d7266d6ddfd0155b425747fabdba0f10ea9c3dcf,false,mc textures\HAS ALPHA\bp_remade\no_mip_fixes\ui,false,true
sr25e_alp_ovl.bmp,fdbad7c3b461dcf8b1597a7d005395685ab32f81,44d870bef71cd17319f541c18bbe47ef7b10a7b8,false,mc textures\HAS ALPHA\bp_remade\no_mip_fixes\ui,false,true
stin_alp_ovl.bmp,b00e2308aca2132aa75a67849f450764cd9c3e72,1f1fe9194c08485f50b9dcd05c56c872542a391b,false,mc textures\HAS ALPHA\bp_remade\no_mip_fixes\ui,false,true
stun_alp_ovl.bmp,a10989204a8c93b75b30faa484280e625f75b8cf,0d34ce53380eb83639fcd39caf916c433b6955b1,false,mc textures\HAS ALPHA\bp_remade\no_mip_fixes\ui,false,true
styp_alp_ovl.bmp,03d4ba145cff8e6837da0c649dec84acdba56597,ee46a9054e784a7030b1a008b597a45dbdb067a0,false,mc textures\HAS ALPHA\bp_remade\no_mip_fixes\ui,false,true
tgl_alp_ovl.bmp,c9c6927f52c72bc1256a7c28cc5c069596373629,05ce1ee4425af3312d26ca5ec808639018aff5ae,false,mc textures\HAS ALPHA\bp_remade\no_mip_fixes\ui,false,true
title_logo_blue_alp_ovl.bmp,7fb4bab5ca721c7c35b3f6514f1cfe788bfc7d87,e6b7a417186c3e3a905baf96740f58a4ca6e2c0b,false,mc textures\HAS ALPHA\bp_remade\no_mip_fixes\ui,false,true
title_logo_mono_alp_ovl.bmp,65d6e77600647861196517e562c93291caeb9765,2a23fad9fb24f4c2ceda75bab324b9569f0a41a3,false,mc textures\HAS ALPHA\bp_remade\no_mip_fixes\ui,false,true
title_mgs2_alp_ovl.bmp,3912b13da68af4403c040fd2ef5a3f0032bc0fc6,cf9cb7ea3fac422d5dc864c041f3c92840f42499,false,mc textures\HAS ALPHA\bp_remade\no_mip_fixes\ui,false,true
usp_alp_ovl.bmp,31eb3d95e46d5154efc1f9b1633f1229d20c53ab,ef4de0607253a34759579e252ca62590316f4b0f,false,mc textures\HAS ALPHA\bp_remade\no_mip_fixes\ui,false,true
usp_sp2_alp_ovl.bmp,04cde23764f464bdc48ebc98d254abab0b9c05ca,013c24a10ca5e668b8973c99ef30537a458bdd17,false,mc textures\HAS ALPHA\bp_remade\no_mip_fixes\ui,false,true
usp_sp_alp_ovl.bmp,544369ce4bf763435538ac95d094fd1ddc1563df,23d54f8f56cae976ce550ad2cbb5ec04ecf86924,false,mc textures\HAS ALPHA\bp_remade\no_mip_fixes\ui,false,true
w24c_over_mrs_alp_ovl.bmp,781f71baf75fdce9e9787899184514a31696546f,901402b59f75341b387c1731ee24a6eca7492a90,false,mc textures\OPAQUE\bp_remade\no_mip_fixes\ui,true,true
w24c_over_oba_alp_ovl.bmp,2b87c4b6949f0a6bad55d281040c6597b72d329b,8f7179a7b9511a351954b718ce7f4015d12de88e,false,mc textures\OPAQUE\bp_remade\no_mip_fixes\ui,true,true
w24c_overguy_alp_ovl.bmp,862101897ae961a31ca3025a7ec92bd488fab35d,aa0e8817fb652e7f7255ede7a18bcf136a5f0cb5,false,mc textures\OPAQUE\bp_remade\no_mip_fixes\ui,true,true
wig1_alp_ovl.bmp,d6a005679b57bf5a23d5cef8ed780f41a24df39d,1efc2ac03e6853deb3fafb4400723a9de87ce21b,false,mc textures\HAS ALPHA\bp_remade\no_mip_fixes\ui,false,true
wig2_alp_ovl.bmp,def21e66fb9ba72f1432c372391439a5d80005ac,25adb82e630fb393813ec8658edcdad2837ad2ee,false,mc textures\HAS ALPHA\bp_remade\no_mip_fixes\ui,false,true
wpb_alp_ovl.bmp,e97007ffcefa635fa8fb01657265d407d30815c5,af3dc326f136f80e830343b18667adfe746329f6,false,mc textures\HAS ALPHA\bp_remade\no_mip_fixes\ui,false,true
