filename,before_hash,ctxr_hash,mipmaps,origin_folder,opacity_stripped,upscaled
00004ad1,672be33b525ed443a1fef548c16b3cb7e849d9af,1a0ccd3d982c6aa24bfd0ab3b38fa8d95bf7b924,false,mc textures\HAS ALPHA\bp_remade\no_mip_fixes\ui,false,true
0000c4dd,c0aac4f430300a75a69081ffe78ee1a9263368b2,0a1f22a3fda04dae385d884ad4747148828d03e4,false,mc textures\HAS ALPHA\bp_remade\no_mip_fixes\ui,false,true
0000c4dd_d0bf2476e36b7e6db64e892154845abf,75f1235f6ac46f076b64abba085ae1d5d499acde,9fb519b52d09172e73c0c265933f6ab0e2036b5a,false,mc textures\HAS ALPHA\bp_remade\no_mip_fixes\ui,false,true
0000f06e,615e6cde8c1201f27b4a1d136dce1152f89c5487,ec54e6fbd7af6cdce48839b5d17a4ee697779724,false,mc textures\HAS ALPHA\bp_remade\no_mip_fixes\ui,false,true
00012016,9669922dcd25f679943f6a47b7f2bb1106b5ec2f,c7c3a45b64a916a8b35b3214445f92e21ce44862,false,mc textures\HAS ALPHA\bp_remade\no_mip_fixes\ui,false,true
00022016,b85530e45755f57916fbc2923fd2460a0cd34636,017c2986f2caa7e92509cac30df8d527815fb038,false,mc textures\HAS ALPHA\bp_remade\no_mip_fixes\ui,false,true
00024ad1,584ab5bbbb3841cd558ea1cf1874cc2c14581c0c,381b79a08872412356858c57a238f5bcec507d1d,false,mc textures\HAS ALPHA\bp_remade\no_mip_fixes\ui,false,true
0002936b,565cb23b61bf5a42afc751a3b94c28c061405f4b,8c23ac8cb7ff89d37dfb0452f0c80274dbdfc808,false,mc textures\HAS ALPHA\bp_remade\no_mip_fixes\ui,false,true
0002cca2,b785a6ee61d271ed1ddc1b73045c5959785174ab,f806ba4c9737abb6652fee836ab0c1151b34a16c,false,mc textures\HAS ALPHA\bp_remade\no_mip_fixes\ui,false,true
00032016,0f7f30ecd41a36cc56f4884ec86c25e20ce5b8cb,57d65ab43276447f8be0865dda239286bda82e6e,false,mc textures\HAS ALPHA\bp_remade\no_mip_fixes\ui,false,true
000382c8,1086c51428b62421b70460f8efd3432ff40895ed,0cf3183770e981253df43fb9d5c3447852f0baf8,false,mc textures\HAS ALPHA\bp_remade\no_mip_fixes\ui,false,true
0003c3de,1541ce8537a339a82c42a1f6be585aa57789c566,da237c4e7796bc2e45fb9f008a693fb7fb2a7577,false,mc textures\HAS ALPHA\bp_remade\no_mip_fixes\ui,false,true
0003c3de_59747dd0818a4f3d78cd7938115b9093,e42f2727f861e66b585225d637a4fdf5b13c9f19,8e02fec022f5b5fa3fbeb3942ffef899ce1577ce,false,mc textures\HAS ALPHA\bp_remade\no_mip_fixes\ui,false,true
00042016,b7627d9843fdad8bd7ed2055c56bc7ff49bd9e00,96ebe9717dd61cd9777372f382b0b03e15f3820b,false,mc textures\HAS ALPHA\bp_remade\no_mip_fixes\ui,false,true
000430f2,339c4411b5dc8bf1bf4bd58842ae7d2ef5ed2148,00a8443b8d2b37340651648463be1e86710d501a,false,mc textures\HAS ALPHA\bp_remade\no_mip_fixes\ui,false,true
00052016,eb32124fef9156143e6f27b748ae2a1f4b0fee55,7a7151c3a39a1ed677a433cf9d9b1457df8c8631,false,mc textures\HAS ALPHA\bp_remade\no_mip_fixes\ui,false,true
00058f79,7fccbcb3be0c83a111f9648a8f3ebe88d4d6635d,2661e52b7e6727c9da25c27448dfea572c437b43,false,mc textures\HAS ALPHA\bp_remade\no_mip_fixes\ui,false,true
00062016,59cf54cc32c5e1a223935a87a9fedacdd2397df6,2478646dedc93acd1d48cd405ea34dbbba4c7729,false,mc textures\HAS ALPHA\bp_remade\no_mip_fixes\ui,false,true
00065bbe,e669dd51f8b7c8cba22ed699c5e4beeee8fefbb9,44a4b6d8de3b5c1b216c8772e24d24389c504379,false,mc textures\HAS ALPHA\bp_remade\no_mip_fixes\ui,false,true
00068f79,98bcb44cba86c51d7a4673603d129808551fc7eb,44089ffb60d14f4cc8b3eac26c9935229f77edf3,false,mc textures\HAS ALPHA\bp_remade\no_mip_fixes\ui,false,true
00072016,3852c5f9bb25a8ab280528d507588b59f2a9932f,de669d60c8c7ae09eb316bc558b0d54c88286ae6,false,mc textures\HAS ALPHA\bp_remade\no_mip_fixes\ui,false,true
00075bbe,696a60ef51ea6780c1d4bf3d7a53d1a1b6e007e9,166f7c62c26eca0f32c30a345af8dac2e6ba095f,false,mc textures\HAS ALPHA\bp_remade\no_mip_fixes\ui,false,true
00078f79,a79299c946e38701ff84ac2e8eec13072c8e9159,5fd148044e20c67e853d5ec2a5c1aafc605cdf88,false,mc textures\HAS ALPHA\bp_remade\no_mip_fixes\ui,false,true
0007bc34,34926d0c145564bab387e60d75b9a2099be93aee,8efd2e29beadc6d88623aa03a0fc027598b325dc,false,mc textures\HAS ALPHA\bp_remade\no_mip_fixes\ui,false,true
00082016,cf623d191eada6248bde6cf86eefac98282306e9,99b71a87316b13f8bc27477fd0bd87e5faf4fe6a,false,mc textures\HAS ALPHA\bp_remade\no_mip_fixes\ui,false,true
00085bbe,579329cb7cb48a5fa6850fe509df39405fcfcccd,7e5a3b5bbf2426b38ffe01a67caff546e812cf8e,false,mc textures\HAS ALPHA\bp_remade\no_mip_fixes\ui,false,true
00085d1e,60df100b0e2924afb873fa43cae464040ede43a9,ada77bcd26aae348a08ca1e172ce3f4738e534f8,false,mc textures\HAS ALPHA\bp_remade\no_mip_fixes\ui,false,true
000897ee,a7f9938dba28ebc1bc21832a8abf37ce9fb592ef,26ea46166a710869b68f2ec204641ceba6951d2f,false,mc textures\OPAQUE\bp_remade\no_mip_fixes\ui,true,true
0008bc34,d641694f095bed600a33dbc3f86f14381e6d029f,2c465c760a72871f96dc1cca45bbdff9f0d7b9fb,false,mc textures\HAS ALPHA\bp_remade\no_mip_fixes\ui,false,true
00096be0,03faab49c60ec56db37927a7bdb98b74b4f3daf9,113735b3897f6841701380b045a97a14d2f35fbe,false,mc textures\HAS ALPHA\bp_remade\no_mip_fixes\ui,false,true
0009bc34,53a3f245b06697fa834148004223656ad5bedfda,ce24a37399740e75c26965a136caa2acefed7b50,false,mc textures\HAS ALPHA\bp_remade\no_mip_fixes\ui,false,true
0009eb6f,78688c264a8fde8101150089cc938863847371aa,9fccf128eadcf51089575af13357433950be207c,false,mc textures\HAS ALPHA\bp_remade\no_mip_fixes\ui,false,true
0009f56f,ce4fcd567cb29cfd9918a60de0a5f1f742cef7c0,ebc16a72416f2958f71d6941754820317559c7a9,false,mc textures\HAS ALPHA\bp_remade\no_mip_fixes\ui,false,true
0009f66f,7900fdd39d2e354c8ea899a15973cf73a296cbb6,f230f63fffe28e1eb7b7a87ba8a62b57c3ee5032,false,mc textures\HAS ALPHA\bp_remade\no_mip_fixes\ui,false,true
000a8fc0,71ab84335d4179f5f7e506f7969626a9fb842e7e,8920e435548b4ee812cc52de37fe9dccbfb7efc4,false,mc textures\HAS ALPHA\bp_remade\no_mip_fixes\ui,false,true
000aa7de,47a66f898db2631a44bdd99cc8b6d813ae042354,d7d5f60df9db8a36143f00f721048b8d53548964,false,mc textures\HAS ALPHA\bp_remade\no_mip_fixes\ui,false,true
000b7011,885fbf7b25e82d656c9a7fb72237540dc5991bb2,fe04be5e023ef5da2e8ef6e5bd7a4213e7c7c3a0,false,mc textures\HAS ALPHA\bp_remade\no_mip_fixes\ui,false,true
000c59bf,a50e46a092745563b9cc34a5584fc89533148603,8cb3824db7668797e2d2bb7d3f0b20186b40d03c,false,mc textures\HAS ALPHA\bp_remade\no_mip_fixes\ui,false,true
000cc716,0d4bc0744770e215f5a4ac677cb3ba61fe5472c8,b24fc87b2e8d1a6404c59b68728d14ef39daedb3,false,mc textures\HAS ALPHA\bp_remade\no_mip_fixes\ui,false,true
000ccd6b,08b0fdaaf6e037fedb2fbd78d570946b63f0c916,dac3a5a4352ed988d53ba0af1ab6d95629cc9ce0,false,mc textures\HAS ALPHA\bp_remade\no_mip_fixes\ui,false,true
000e1a61,03b6c1149f8cc4d40f8fa32f8f7f6f07fafc6293,4fb98428f1005c4ffd897c17a6cd28ec0fd3ece3,false,mc textures\HAS ALPHA\bp_remade\no_mip_fixes\ui,false,true
000ebe38,10150bd681120d15d67503ab404264d77429e54f,3d2ffe92719f21e8b329f0292c62a97def97f7af,false,mc textures\HAS ALPHA\bp_remade\no_mip_fixes\ui,false,true
00100d1b,d67151360038e05bf1733515a9639de48a8a539b,4a00910308e306e4e1a57f0297299d90c95cc666,false,mc textures\HAS ALPHA\bp_remade\no_mip_fixes\ui,false,true
001087b3,41fadc60229c30ace7ceccac0d0967006c4a1d83,910eb8dd74f2867207ea12982e81a2aea19f1594,false,mc textures\HAS ALPHA\bp_remade\no_mip_fixes\ui,false,true
0010e123,53ce553987e5e876d7d5524b1cbd541abd570b78,8b4a29b5a02f0591148f6492e24bb59c4e67c7fd,false,mc textures\HAS ALPHA\bp_remade\no_mip_fixes\ui,false,true
001187b3,e0c1b50353e6b38be466e280d4fb094ee95b5bfd,b40185dff88f33e51edf50140b1b08c8b1c6d243,false,mc textures\HAS ALPHA\bp_remade\no_mip_fixes\ui,false,true
0012e9ed,2a90378fa01c86a73b4942fd4401f1a58c1130ac,4f0eb1e5b15037b5d97a6876ca9ac2803c3e88cb,false,mc textures\HAS ALPHA\bp_remade\no_mip_fixes\ui,false,true
0013486e,ea45038f50ee767356c373cc240d2cd4f2fadb25,f7680cb84b213df50af32063f5b489dc2e1e7ec9,false,mc textures\HAS ALPHA\bp_remade\no_mip_fixes\ui,false,true
0013547f,a477cc8c8d3b7a9080c12177656b85077b9e6f20,a4a28c0f689dd0f082f35be660ff4a7ff9a352b8,false,mc textures\HAS ALPHA\bp_remade\no_mip_fixes\ui,false,true
0014547f,ab19b066e964c20442a1f00387c753fa18c79d95,7407b32c2120adc9d31a655ea5a7d6c05bf79428,false,mc textures\HAS ALPHA\bp_remade\no_mip_fixes\ui,false,true
001463f1,ce013b3413c72505340aba8d8633d0a2ceb608fb,8bea2421381b2f134a24fbc8ddd14e0b6a81e88f,false,mc textures\HAS ALPHA\bp_remade\no_mip_fixes\ui,false,true
0015547f,59b0f54cd69a8abe5a27c76e3f258fa96f0ac041,18b5af9cea7e3da70b6b96438921684d22e85f38,false,mc textures\HAS ALPHA\bp_remade\no_mip_fixes\ui,false,true
00158927,6d187f2842f22f77bee6f6a35c4629f00a37d072,e87cd8acdb56e44e3a28876db1a9afad5fd27318,false,mc textures\HAS ALPHA\bp_remade\no_mip_fixes\ui,false,true
0016852b,e1be15d9ef91e91e2bdc713c4a3e2e4a9ce5319f,922e8cb42f105f6a4fd0e783dba2675e956a011c,false,mc textures\HAS ALPHA\bp_remade\no_mip_fixes\ui,false,true
0016bbf5,41b3afeaf7f7c3ce21458036fbd112892e2cfa57,bc320413bfd69673507b1d241e7f59e486bce6a6,false,mc textures\HAS ALPHA\bp_remade\no_mip_fixes\ui,false,true
0017bbf5,d03b1952bd52257ce8700e73922109784b714428,d49ed82169e73cbc604d239a90cb99380aef1df5,false,mc textures\HAS ALPHA\bp_remade\no_mip_fixes\ui,false,true
001a8739,f0a4eb5a6b3b3d89e62f38fdc2fc31338251a7ab,c3d655b761e5941f61f6c05ce1ca5d60ea24e0d9,false,mc textures\HAS ALPHA\bp_remade\no_mip_fixes\ui,false,true
001a8739_9b95ed97d41ce0c9da24766f77e0bf35,95b2326aabc90ad460ee96b849392e7330f5a6b4,b300e382d446211896be938ad513c946db43b305,false,mc textures\HAS ALPHA\bp_remade\no_mip_fixes\ui,false,true
001bb358,bd4f30b47f93868e7b5c8f8cbcc4d45c23691d1f,47fc14f11528d472aacd97b5a837c214110cb592,false,mc textures\HAS ALPHA\bp_remade\no_mip_fixes\ui,false,true
001cd071,ff6c0b492c828dedccf65d4197318015f6a82574,0713c2ecba565caa46de644faf4342326511553f,false,mc textures\HAS ALPHA\bp_remade\no_mip_fixes\ui,false,true
001f2016,6afe23dd1c59e5b012fe6e13a6ee5e62064e51ea,0cdd33a6caf03113e1e7afa3c32a4aa39849404d,false,mc textures\HAS ALPHA\bp_remade\no_mip_fixes\ui,false,true
00202016,8cb2b50c42ce5ad3cb8625f8f7a81383e8faee49,8e80c47361346daf4b2f551f44258973c7e1c293,false,mc textures\HAS ALPHA\bp_remade\no_mip_fixes\ui,false,true
00207af5,d82914598825498adb298878637148def4361d47,452a81a0d7235ac2981fa8eb88a22b5f2e2c072f,false,mc textures\HAS ALPHA\bp_remade\no_mip_fixes\ui,false,true
0020c7c1,d1f1a53b563c7c412ca29a2e67207d3086a0ba93,ce4dda7b568369a091d8f1be1147ad9676a2d100,false,mc textures\HAS ALPHA\bp_remade\no_mip_fixes\ui,false,true
0020e3c2,60f9be6c53eac115e8dde687ffe65ce2e0e6eb23,7ef95cac1558aa1a08bab39339231fc0bf3c8179,false,mc textures\HAS ALPHA\bp_remade\no_mip_fixes\ui,false,true
0020fb52,c2dd1baff70c5f98a14e8e78717d6b342f96869d,d019dc32c4d81d8e769302cd902b66752354a9f4,false,mc textures\HAS ALPHA\bp_remade\no_mip_fixes\ui,false,true
00212016,9d59b80bd1501901f9179688b6f6438e1c62c7f0,862ea8a2b947ca0ed26be35e0fc7f09ddcdba78c,false,mc textures\HAS ALPHA\bp_remade\no_mip_fixes\ui,false,true
0021e3c2,2f16bf680db70eaefd3b957a6db6993945f547bf,2cc817044fa9c53e318a86dd2f69956a887439c9,false,mc textures\HAS ALPHA\bp_remade\no_mip_fixes\ui,false,true
00222016,36720833c65cb5776b0a9e3d92b7f7abb2c901aa,b4b4ee19af0620dc9517c2f6cf763008961be510,false,mc textures\HAS ALPHA\bp_remade\no_mip_fixes\ui,false,true
0022e3c2,f16c1815e306e577bbfd0beb0feb998dc834d9d6,b843d5dbccb20ffd7f34dd12c08ed3b2bac91626,false,mc textures\HAS ALPHA\bp_remade\no_mip_fixes\ui,false,true
00232016,0180f948e688b675526e3144bcfe062b444363c1,876b339367c00eb390277f06812f20dbca774b98,false,mc textures\HAS ALPHA\bp_remade\no_mip_fixes\ui,false,true
00232162,af239b6f99ebdf2e680d6ec4d1b1e5daa3bfa9cf,80b3879d81527b403ee70137e524162bea4b625c,false,mc textures\OPAQUE\bp_remade\no_mip_fixes\ui,true,true
00238df3,0bf6ec9b466e7569722a4a104faddeee5f9bf901,b4c0a1b6b26dbd37ba6aebb19205d545de6884a5,false,mc textures\OPAQUE\bp_remade\no_mip_fixes\ui,true,true
0023ace3,2b9e590bb92f3e02f7e7da8560796e9b582b868e,a68f1a5e822d78b684913c1347ae680dc70aff7c,false,mc textures\HAS ALPHA\bp_remade\no_mip_fixes\ui,false,true
00242016,cc04d806abc7ac9631ad97449e0009abd765378f,c8383da44deefa359f9173fac825ce4ef1660bbf,false,mc textures\HAS ALPHA\bp_remade\no_mip_fixes\ui,false,true
00248df3,0b2f161d865c4c5f4043fc54c15455d055332c4f,b588ff037a3bd8122230ced27e39f11fcd11529e,false,mc textures\tri with alpha\bp_remade\no_mip_fixes\ui,false,true
002515dc,b47370c2aad21ccee05a79758ac35dbb21cbd020,0273c5eaa17fbeedf3e16e04117267fbd6afa40b,false,mc textures\HAS ALPHA\bp_remade\no_mip_fixes\ui,false,true
00252016,b6ceb47e1c4e9ca9186b4cb3cceabf43c4161139,c99b0b48e8d8ed4f763352195096ce9cb056722b,false,mc textures\HAS ALPHA\bp_remade\no_mip_fixes\ui,false,true
00253181,67c852cc8639181dedec794ca3f2cd5ba13b75cc,f40dbb2bb9e40588a34319d613366f21c5de9808,false,mc textures\HAS ALPHA\bp_remade\no_mip_fixes\ui,false,true
00262016,eadaf6f8adf0608508b934883e23bb66084f3573,6de691b7bad634307674db3e7dc22cdd0cf95974,false,mc textures\HAS ALPHA\bp_remade\no_mip_fixes\ui,false,true
0026f2fc,f77a65e7f022afc0e966c5aae4257bf11076689b,79fb76f919ea71c6ce305b00551d3137b8b7b307,false,mc textures\HAS ALPHA\bp_remade\no_mip_fixes\ui,false,true
00272016,4919de26f6cbe0884a7bd5aa41c6d93d96ea258d,01503e7ebb3c1b77992579b976014d30c3b39781,false,mc textures\HAS ALPHA\bp_remade\no_mip_fixes\ui,false,true
00273921,6a5022da2dd4b1f54fccbbe97941ec791ff9af06,93cf0a28527eec6e2fa978853925985cb9a6a1b9,false,mc textures\HAS ALPHA\bp_remade\no_mip_fixes\ui,false,true
0027ccec,fa07a468c1459340ebacb3bed0a269fb004134b4,db77101518c587d4f2c8b1f2f7716ca7f80314ec,false,mc textures\HAS ALPHA\bp_remade\no_mip_fixes\ui,false,true
002be6b0,1002ae5484773cc9e042c2c9f40527016b1d3bfb,c1093da5edb40445dc9c7a7b8327902bc58d2421,false,mc textures\HAS ALPHA\bp_remade\no_mip_fixes\ui,false,true
002c9415,52973ef994d265187515d39e56d59cc9209b0cdc,5211692fc731288c21a056565da0a6d7e1e9cc56,false,mc textures\HAS ALPHA\bp_remade\no_mip_fixes\ui,false,true
002ca269,a00e73c9fb4d7b349a205dd6ea19170948dd9521,f612f0a58fa4ef424b2578f3eb6e47026750687e,false,mc textures\HAS ALPHA\bp_remade\no_mip_fixes\ui,false,true
002ceb42,f19c09dc9abe95f5d88612c7d43f1de372be8b59,93edba444a4a2a2e77163996bac576ca83b24f8a,false,mc textures\HAS ALPHA\bp_remade\no_mip_fixes\ui,false,true
002d83df,2bbc67e1b46588aa8f8e08e402f9ccee8ec8f3a7,88faf714170c55d2acaa28d4af74447e651bd9aa,false,mc textures\HAS ALPHA\bp_remade\no_mip_fixes\ui,false,true
002d83df_d6d6e25cebf411fbdc10afdc75e6c763,be78633e80a3782e17d35799d282a0966faf2521,30abccf174aca68d4b2684a436d8e2c786abd20c,false,mc textures\HAS ALPHA\bp_remade\no_mip_fixes\ui,false,true
002d83e0,f0a7f5f550ccb0133e9fb587a6e40a79bbdd74d9,bbee7976fab9472dc920b71fc457837edbee1cd1,false,mc textures\HAS ALPHA\bp_remade\no_mip_fixes\ui,false,true
002d83e0_fe14aedf8aead9e025a71608da78f12d,11734e42bc7b1f4de92483c3d92c9d6204357096,61563ce9bd566edbda2701c41f6e28d8d1308a34,false,mc textures\HAS ALPHA\bp_remade\no_mip_fixes\ui,false,true
002d83e1,ff3cf3757f16479313cd2a663dc9eb4dc7d3210d,4e329480ce289a0b231ba464d0c269411ab5fd96,false,mc textures\HAS ALPHA\bp_remade\no_mip_fixes\ui,false,true
002d83e2,73533c8c3300c9b97a6afb28be2630997ec42294,07d7d386f48cdb5c23fa131413cfa8287e4a2cc7,false,mc textures\HAS ALPHA\bp_remade\no_mip_fixes\ui,false,true
002d83e3,750bbc31731d0110c29b19dc7b63925f6cefac30,80b216b46b1d301c202f2e5b49aed3529de05637,false,mc textures\HAS ALPHA\bp_remade\no_mip_fixes\ui,false,true
002d83e4,ec5ac08de242aaf3b6b9b6a8f27fcd2939a78d42,3de19417e774dd47688e827227678b01e12cb280,false,mc textures\HAS ALPHA\bp_remade\no_mip_fixes\ui,false,true
002d83e5,ace575e4c9782f6bc0d72ec5b570d3ad9d83ab78,035ba99c84c58106f3f6a743cea2e50ed5b3a3d2,false,mc textures\HAS ALPHA\bp_remade\no_mip_fixes\ui,false,true
002e7dde,09aa1a671d5869057c27280d4ed780f380987739,6a789c06a37457d2084049cdd881b695de969b0c,false,mc textures\HAS ALPHA\bp_remade\no_mip_fixes\ui,false,true
002e7ddf,b46e5719443c65f2180a1bfa0aa773ed8901eec8,004dfe858d3641f6fb63c6fadc1c144c682ee4fb,false,mc textures\HAS ALPHA\bp_remade\no_mip_fixes\ui,false,true
002e7de0,820ebed09551e9d0d5563a16d04b2403a4e8ed2d,d4ac73d038483f58a43a5952d213a430a62f9973,false,mc textures\HAS ALPHA\bp_remade\no_mip_fixes\ui,false,true
002e7de3,01a48c5c1817c5d7e4f4492551f8a65019c11d76,d73e62e8e299ebf7b2ef2812d43aa3e6fcc3899c,false,mc textures\HAS ALPHA\bp_remade\no_mip_fixes\ui,false,true
002e7de4,cbc6f27d6c199a44f82b701f22fb8c721e9fd5ab,c0926654add681364d1a72ecb6c78ac2c0069afa,false,mc textures\HAS ALPHA\bp_remade\no_mip_fixes\ui,false,true
002e7de5,25b7acac2d00162c14d23a58cced2a28869b3a3c,40227768f35ec4ed6043912dab9a688f0e894f57,false,mc textures\HAS ALPHA\bp_remade\no_mip_fixes\ui,false,true
002e8486,fb5792ac307ffbb33e21b9923afd39d95486ed4a,bfb93ab6de2063569c498edd5cde2624448b6334,false,mc textures\HAS ALPHA\bp_remade\no_mip_fixes\ui,false,true
002eb6f9,73e23b597bc37c25fce4f6f6d87d93426a2a3059,6967f9e53c4cc9263d2d59d8458dcc45860bd94d,false,mc textures\HAS ALPHA\bp_remade\no_mip_fixes\ui,false,true
002f0bd0,adbffee2740b6e8f0aec88e673e3165d968c8e59,60ff489a9101408b223846872fe6e15450790eaf,false,mc textures\HAS ALPHA\bp_remade\no_mip_fixes\ui,false,true
002f1bd0,4870192b35647a4fd7326249961a611239104e61,1b6122d4989720c6dbb08009289fb7247faa50dc,false,mc textures\HAS ALPHA\bp_remade\no_mip_fixes\ui,false,true
002f2bd0,611c16bc3a3bbeb0488642bdb2eb29cadc827b84,214a43f980d8dcf382f1a55ba3920858f3d89c69,false,mc textures\HAS ALPHA\bp_remade\no_mip_fixes\ui,false,true
002f3bd0,3e96ba37c860840b46a7abe72cd7c72b90d999b5,d3c4f3ebc0c6ccea00ddc59b43a007ddf5897e3b,false,mc textures\HAS ALPHA\bp_remade\no_mip_fixes\ui,false,true
002f4bd0,ced8e6128335429d179d2e1a1f578c2a0ac9700b,7c0e494a7a5aa31390e7adb91f58995077c012bd,false,mc textures\HAS ALPHA\bp_remade\no_mip_fixes\ui,false,true
002f5bd0,1a62659c32244bc2e46534b0e3698ce3c7cadf72,3abc4d652a1c4c5e99b8bcb663575d377212368f,false,mc textures\HAS ALPHA\bp_remade\no_mip_fixes\ui,false,true
002f6bd0,b74d68049bec9f2a135b12172f57d58f3062c490,1b61000ef5e2af74517719271d38419c0289b677,false,mc textures\HAS ALPHA\bp_remade\no_mip_fixes\ui,false,true
002f7bd0,d9c1669d1ddb6bc9050c24888d3252fa76066721,80b8b398ff425fb905eb4e2af86f09eef6652700,false,mc textures\HAS ALPHA\bp_remade\no_mip_fixes\ui,false,true
002f8bd0,5b35fa47640802db4d07e5041b66b917b5375ede,c48637e1f2a9d3e263ea1b0ecca9d3bc067c951f,false,mc textures\HAS ALPHA\bp_remade\no_mip_fixes\ui,false,true
00304ad1,3c51760f04538fb64d5250112a9525299586e8e7,b3ee0f3769a06b6dfc43c047a91699a078742527,false,mc textures\HAS ALPHA\bp_remade\no_mip_fixes\ui,false,true
0030e529,ec9d28dfaff945e54a826ad2532eeb1442119039,1b702b0e8c4e8a929f8b41801b87cc532f4ea241,false,mc textures\HAS ALPHA\bp_remade\no_mip_fixes\ui,false,true
0030f164,3969cd1ac9128cc3ab5b34d6ba9e67e557e49700,0fcd3d50f80ca802574f023d543ebd906aa8ead8,false,mc textures\HAS ALPHA\bp_remade\no_mip_fixes\ui,false,true
0030fbd0,3dcd704e8f8c324058620b15bc620cb6e8e8e284,45242f969730e272737b540ee3283c641d316700,false,mc textures\HAS ALPHA\bp_remade\no_mip_fixes\ui,false,true
00310ae2,4856189c6a2792e7de4be3c2019c26c6ddf1691c,18fbd53d9173fa1f37171c8f8538396474f87c37,false,mc textures\HAS ALPHA\bp_remade\no_mip_fixes\ui,false,true
00310bd0,cfb3704ef0518210756453c2e6d945dbc2f7e9bb,d7334a1ae3d67726779aa0abe3f93e53f2e29699,false,mc textures\HAS ALPHA\bp_remade\no_mip_fixes\ui,false,true
00311bd0,9480a8ab886b1692c5b9579be76fadd1f121677b,9fcfb5e49f760813d00cfeb30699e26ac12c23e7,false,mc textures\HAS ALPHA\bp_remade\no_mip_fixes\ui,false,true
00312bd0,1a2190761d46bf279bf05d4a49c6dbbf51b713c0,2f337df4a854da33e522db75cb307da3e0ffa175,false,mc textures\HAS ALPHA\bp_remade\no_mip_fixes\ui,false,true
00313bd0,5896d36cad8df215d8e87f6ab620c28736337a30,13140ab92f9d82385477620c124125deca73209e,false,mc textures\HAS ALPHA\bp_remade\no_mip_fixes\ui,false,true
00314bd0,3cf4a96dc89c0f61f497035da2b534fd92b50f42,bf4e72a928b6763552305f8f0ccc64fb8c25fb08,false,mc textures\HAS ALPHA\bp_remade\no_mip_fixes\ui,false,true
003155d8,4d0255403ed1b5ae577372bbb886f2e9cbcfd98d,3200179234321d61020bebf47e2fbb5caa33931d,false,mc textures\OPAQUE\bp_remade\no_mip_fixes\ui,true,true
00315bd0,09d14eea6ca39102ab07c15e096513897e722108,4857d5753877ece1f62eb1675ff57e55fcfbcbc4,false,mc textures\HAS ALPHA\bp_remade\no_mip_fixes\ui,false,true
00316bd0,da39033149ad4441cab0706a7b78567c2b4a9965,4b08f7d4ce22e43b3ecb198ce71e7f600e001bb3,false,mc textures\HAS ALPHA\bp_remade\no_mip_fixes\ui,false,true
00317bd0,91a0f5dfeb3299f415c5e87e4c6521cf72e4c94f,a6fa41300db211950d88b1734c9ee7056a9f3590,false,mc textures\HAS ALPHA\bp_remade\no_mip_fixes\ui,false,true
00318bd0,2b3d47622fe2de36339e100eeb1095ab668a82b4,c5c1680e491d5ed02a21d6de74f4cb9244892a43,false,mc textures\HAS ALPHA\bp_remade\no_mip_fixes\ui,false,true
0031ead8,0d7bc1640acafa61529e15b17a96f2f48c42ebbe,7ab3b21926ba1cbeb6df8e1f8ca757695356f4fb,false,mc textures\HAS ALPHA\bp_remade\no_mip_fixes\ui,false,true
00324ad1,b56ccfc4d24bfded3d327a2655da6eb1506b69c7,7102bfc28507150626a1e34914bae804f3b4d382,false,mc textures\HAS ALPHA\bp_remade\no_mip_fixes\ui,false,true
0032ead8,e094a4f43fb9d331575cd7ea79ad7610675a7d0c,fec9fb101b5994517cdf7c4c3bbce2daa5672842,false,mc textures\HAS ALPHA\bp_remade\no_mip_fixes\ui,false,true
0032fbd0,7052c95a6cf868fb939f0721932e32e24e9b301e,6a75453b9c72b553ebbe4d863ace4750e3c14a1a,false,mc textures\HAS ALPHA\bp_remade\no_mip_fixes\ui,false,true
00330bd0,c57ab0f91d6882ce0a8ce4be19b04401721200e2,df9a738e9f7c6d70536af702d7e585fdfa99a424,false,mc textures\HAS ALPHA\bp_remade\no_mip_fixes\ui,false,true
00331bd0,daa43926896631da4d671ee6f8ea6d995c646340,8e1c002ef0410bdec831583a62dfb19fc7214712,false,mc textures\HAS ALPHA\bp_remade\no_mip_fixes\ui,false,true
00332bd0,437544375db82dfc2a372d64f328f818e38b5393,c84282c00dae99e23b00c3e1e1216167c230cb0a,false,mc textures\HAS ALPHA\bp_remade\no_mip_fixes\ui,false,true
00333bd0,0de3ab4378d22a7949433b3cb1899195461047fc,75d38fa0130c9687cfe5bb70a885c5bab146a5fd,false,mc textures\HAS ALPHA\bp_remade\no_mip_fixes\ui,false,true
00334bd0,24ddb660aec720fbef1b404329ee8e7d0663d518,a7b2cd5c316b7bfac4439208dc77128975ab4eba,false,mc textures\HAS ALPHA\bp_remade\no_mip_fixes\ui,false,true
00335bd0,7d7649eadca67d6edd8f6e72943491860d779350,3e92745ffe147782c5a6ae4af07eea3b9f84b6ff,false,mc textures\HAS ALPHA\bp_remade\no_mip_fixes\ui,false,true
00336bd0,e55fa63e5d94ab51ef63c4e8225cb0f4275d7a0d,9318662e446500c94d2a3c1200c188f04ce1c789,false,mc textures\HAS ALPHA\bp_remade\no_mip_fixes\ui,false,true
00337bd0,e4a8955567c3da455bce5142b7beb3fa74db70cd,193f48f0a7a8685a16073e4b3d530e1919b0cc73,false,mc textures\HAS ALPHA\bp_remade\no_mip_fixes\ui,false,true
00338bd0,a1cafb5b0363de2a8b69bdcf47e04d188ba4df6f,06d8f01c1a7fd2d34646eae553c8e71e6637255b,false,mc textures\HAS ALPHA\bp_remade\no_mip_fixes\ui,false,true
00344ad1,e3f536febded31f59f4d347749aba29dec4e8d9b,65bdd6314d163faf6cd2054483a677aa0d85a622,false,mc textures\HAS ALPHA\bp_remade\no_mip_fixes\ui,false,true
0034852b,1a7d3c4b161ef3698c9d0d820d43789030ec2cf7,b0cad6d4835753259aae9f009caede03e991dd96,false,mc textures\HAS ALPHA\bp_remade\no_mip_fixes\ui,false,true
0034fbd0,08ed684a6a548809ffa221a393a866fb21949003,985cb0c2c1b83e02877de52bda300a723685326a,false,mc textures\HAS ALPHA\bp_remade\no_mip_fixes\ui,false,true
00350bd0,e1df95f3e1d3c4bc10b1f579947614dda2e78431,fcf5574976e24560827f0521ee967decd52bce0a,false,mc textures\HAS ALPHA\bp_remade\no_mip_fixes\ui,false,true
00352bd0,2724347a6a8c388b80c51b2564e06b6432bff227,341b974d241c59e86ba1625d55325760b82cc060,false,mc textures\HAS ALPHA\bp_remade\no_mip_fixes\ui,false,true
00353bd0,c19c06fff4eee9fdf3459d3501f0cee5e7b463b3,ff8cc9f33d0fd679b0080b0915c41fb64e4d3b9f,false,mc textures\HAS ALPHA\bp_remade\no_mip_fixes\ui,false,true
00354bd0,3a7a278ca357a939c5d825758ab4595e8c8dd3cc,e8a04900117249df3fed3c72f11287b7a0f32512,false,mc textures\HAS ALPHA\bp_remade\no_mip_fixes\ui,false,true
00355bd0,1027f8e4eac51fc4157b7cc46e875f788856a417,0a848330f6cc01778b412345c4d69a3fc6286520,false,mc textures\HAS ALPHA\bp_remade\no_mip_fixes\ui,false,true
00356bd0,099f9ba387c50768535551e70fff152e5aad191d,e06535660667ade9e54c64243e6e0e75397158d5,false,mc textures\HAS ALPHA\bp_remade\no_mip_fixes\ui,false,true
00357bd0,562c218e6d437bee8e6ef3b00e6172e227273fd1,c62b4f89a4f55a4f3d4aa9cb894c6f79121be2e7,false,mc textures\HAS ALPHA\bp_remade\no_mip_fixes\ui,false,true
00358bd0,6994d7f2a36be40fcff3840db920d447511ef885,1dae3354535cc7c0e0fc58d855c93ca40977f216,false,mc textures\HAS ALPHA\bp_remade\no_mip_fixes\ui,false,true
00364ad1,db1e71fc0fad74196ffba1844d3cf987471c7e0f,8841263ac12d24461e5c6d7a3e2e09ec1fe6c060,false,mc textures\HAS ALPHA\bp_remade\no_mip_fixes\ui,false,true
00367807,ebb1409e61d89269d4bcddbd1d69d4d66a9d4342,50fbfd6b34e53ec25e20871de84dad205ec98f62,false,mc textures\HAS ALPHA\bp_remade\no_mip_fixes\ui,false,true
0036ea81,f44438e681d51cce4729b74023b1b96cfa1cefdc,fca6501a827e0e2c5d6cba2658af09d99eb051ee,false,mc textures\HAS ALPHA\bp_remade\no_mip_fixes\ui,false,true
0036fbd0,08eadbf2757002a37034c8eac2554bcb4c158189,66cb5936c0b40663933951d75312b31c486a01c5,false,mc textures\HAS ALPHA\bp_remade\no_mip_fixes\ui,false,true
00370bd0,b70ba7511cb77376cdde7a124655647cb9f2a633,44da12bcde1484db26647af30f0503dc6f69657b,false,mc textures\HAS ALPHA\bp_remade\no_mip_fixes\ui,false,true
00371bd0,f7cbfa2a3dcc63bd6669001b0e0bbc1b94421b34,8f104a93dabdc23f45d8a6288bd95d1a841ebbad,false,mc textures\HAS ALPHA\bp_remade\no_mip_fixes\ui,false,true
00372bd0,fb194ccf0b28526233d80903fa13900378722fb7,546d78a5df7ecd5d20d8f3bb4c6558d4edacbffe,false,mc textures\HAS ALPHA\bp_remade\no_mip_fixes\ui,false,true
00373bd0,64201459560006164671ef52e8e812f6c3ace258,248c7fa00188ad64f15bbcbb27a401d5a6069bd1,false,mc textures\HAS ALPHA\bp_remade\no_mip_fixes\ui,false,true
00374bd0,db2ace5f7c3b8be8d02291d051f57b152f0138fb,2bb2ebe4814eed9b2fec3c99fbae66e2d0a04a41,false,mc textures\HAS ALPHA\bp_remade\no_mip_fixes\ui,false,true
0037502a,df497db61736160cda5c0c311d7be0f4ace41e7c,2354be6577415be6ef96949aa03e30ab004baf3e,false,mc textures\HAS ALPHA\bp_remade\no_mip_fixes\ui,false,true
0037513a,0659b18a3094fae209f5860b315e80b431912598,d4be29b513afa0550609cc95fb84150f5a72a308,false,mc textures\HAS ALPHA\bp_remade\no_mip_fixes\ui,false,true
00375bd0,07d0355910a969fa3faf4f35acb18f49a0121382,5c5911ca3c41e438337c90f2f52e6d0e51a198ee,false,mc textures\HAS ALPHA\bp_remade\no_mip_fixes\ui,false,true
00376bd0,d1c2a3a04c18b6ca98191ac52053b38ee13bcadc,08b9a4c50cae8d702e6d08fcf1e71155ac4bd96a,false,mc textures\HAS ALPHA\bp_remade\no_mip_fixes\ui,false,true
00380922,e201bde78d15c65c2e8fb83be4cc5fcef038b6fb,10208e1db5399629ea8a3a7ba38697101a21da9f,false,mc textures\HAS ALPHA\bp_remade\no_mip_fixes\ui,false,true
00384ad1,ae914c577967df083316cc5dd6fd6253fd434b3d,f8c32ab00650fcc68facee8562a11ab16b75fed6,false,mc textures\HAS ALPHA\bp_remade\no_mip_fixes\ui,false,true
0038e7a7,ffabcbc69261c30dd7da3506e8a1ec56f5ec4e2a,2007307e15768dc32555a6885cd0a43f714cd11e,false,mc textures\HAS ALPHA\bp_remade\no_mip_fixes\ui,false,true
0038f08e,6fea3212b1ca9be7936a1e2554173e2807ca8605,c81b52aea14ced7d3aa8d7d26b49c3fa568f0652,false,mc textures\HAS ALPHA\bp_remade\no_mip_fixes\ui,false,true
0038f2a7,fe466aae9f35f75bde16a0eacf99c76bfea68b7c,3439c347d7c60c5dac99ca864938a0d845739ff7,false,mc textures\HAS ALPHA\bp_remade\no_mip_fixes\ui,false,true
0038f2a7_09a2e59f677ae755c7156ae89bea86a9,6df19a37c55eb560f61314b0910d6f68a9feea91,239e3d00c2defc6e65f39b3b9dfd8699950c7535,false,mc textures\HAS ALPHA\bp_remade\no_mip_fixes\ui,false,true
0038f2a7_506b55e6b21d5eaec73ca5aa5ffb9a36,ab818efb436a4527224793454aadb9bf49c7e253,a419e7a50402abcd891c3036a2471b2d887b06f6,false,mc textures\HAS ALPHA\bp_remade\no_mip_fixes\ui,false,true
0038f2a7_be3ef19531b3a85625ef614280f2874c,3227da00feebea0963059649869f5d07b96641fd,b4c8d6eaf9106d609c875e5691b2db51a44aed6e,false,mc textures\HAS ALPHA\bp_remade\no_mip_fixes\ui,false,true
003997fd,c1e4492e2f0a782c35d26510e2399eeeb1d9ae8b,8f710081c7d11aac2691f8f9ce484e19ee21bf16,false,mc textures\HAS ALPHA\bp_remade\no_mip_fixes\ui,false,true
003997fd_58fcdefef3f7eda79d7e4a9f65f040ed,4399097dccc001b50c6f5d3211c93f57a207be77,ca64ac7f3491e9ab303a1100dd4d700a0c39d218,false,mc textures\HAS ALPHA\bp_remade\no_mip_fixes\ui,false,true
0039af8a,6d65af2d9b813da10e749ff16dcc62d61bee2bf7,f6cd36d0eacabef0533e67125c0dfa2931e987d0,false,mc textures\HAS ALPHA\bp_remade\no_mip_fixes\ui,false,true
003a4ad1,8106306a72d212277f3ee7e3b61f672432fb1685,8e34d61a5a80a47bfa842a9e7de50f93853b7b7f,false,mc textures\HAS ALPHA\bp_remade\no_mip_fixes\ui,false,true
003aa501,b2cbe1d543d8cd77eff0f64bdfabcf1d2dab2858,99cfd9b094677054daf7787599a8abb3c1f7bb29,false,mc textures\HAS ALPHA\bp_remade\no_mip_fixes\ui,false,true
003c4ad1,b3e7dcdf70e937b6c2cbec80ea2c46698a7003a2,137c7339e4d883cd0cd0cccdf89cd48d6c828a46,false,mc textures\HAS ALPHA\bp_remade\no_mip_fixes\ui,false,true
003c8502,d7900beda2ec0d434137b578495de0e89b32529b,0c9ef818827e5f141dcb64d7de57d4526558f8de,false,mc textures\HAS ALPHA\bp_remade\no_mip_fixes\ui,false,true
003d8502,c866d4dae3851bfd980168b4ee924110a941fc53,bdf1ebb7865eed59e8f953936babe2d72d76f2b5,false,mc textures\HAS ALPHA\bp_remade\no_mip_fixes\ui,false,true
003e4ad1,9640ff9e060c56d8d43309b1263d53164a96206b,c859cddd8f2b3610cb33d0e2dd21427aa1e6f022,false,mc textures\HAS ALPHA\bp_remade\no_mip_fixes\ui,false,true
003e8502,3b6ef7b68738606c07815887d3c3e88ae10eca6f,2082fa4ba90a7e3e917e2310595fa57f5c47e36f,false,mc textures\HAS ALPHA\bp_remade\no_mip_fixes\ui,false,true
003e9364,3f301aebf70080aa53864dd55468ba5d8508f3fa,17093da72a088fc5698258d4564834a1b12f6d67,false,mc textures\HAS ALPHA\bp_remade\no_mip_fixes\ui,false,true
003f8502,1c53ef4782a4962ea3f89ab5a0fd9fef9f9a677c,eaeff8e105af4f506da1d72c291a911ddbf7f034,false,mc textures\HAS ALPHA\bp_remade\no_mip_fixes\ui,false,true
003fc7c9,5da5fa1c9a2a1ac88493b74fe7d5c732db4142fc,0962f75a91b760d5826654c083151e9da9aae44f,false,mc textures\HAS ALPHA\bp_remade\no_mip_fixes\ui,false,true
00404ad1,014a42f68c69c5fc2a402b6e84eb13c0df738ac4,b0864906053c3a25cfee87325db14381bd0b1641,false,mc textures\HAS ALPHA\bp_remade\no_mip_fixes\ui,false,true
00408502,0ee2698ce852ceda850915740ef81d07f7aa5bcf,c02fad991200b77d0c3d8b03991b686fdaf84c6d,false,mc textures\HAS ALPHA\bp_remade\no_mip_fixes\ui,false,true
0040cd15,5b52e198e3613243a6fa8612b616fdd82476e7f9,0fd3b504741d1955c20204fbce1f71f5dd93a909,false,mc textures\HAS ALPHA\bp_remade\no_mip_fixes\ui,false,true
0040eac3,f8577ec1fe76fed06bf4241163b4262881bed29a,b7cb641f9681bdc2674571fbdc6fd5b648878e0e,false,mc textures\HAS ALPHA\bp_remade\no_mip_fixes\ui,false,true
00418502,f05d5ccf4a25c9b79d9a4953e52da6a13c46420f,13f8fb6048b5b7f6b49e9bacfd128eef3223265c,false,mc textures\HAS ALPHA\bp_remade\no_mip_fixes\ui,false,true
0041eac3,302b023308af86c0633840259401cd503ae4b1f9,809d53d15e55c4727bedb59adea5e38c852a3ff3,false,mc textures\HAS ALPHA\bp_remade\no_mip_fixes\ui,false,true
00424ad1,8a107aa61e54bbe62e917582b7c54da0274f0ce8,e5616df9754dee472fc111e2679f51cb67e5155f,false,mc textures\HAS ALPHA\bp_remade\no_mip_fixes\ui,false,true
00427069,7798b4d4f7833263aef74bf0a6f4d5781a9b1c0b,bb2cd28e0a9f9d1fad2984d69b6cb6a8fdf5d844,false,mc textures\HAS ALPHA\bp_remade\no_mip_fixes\ui,false,true
00428502,d4fdd846b26a177e95e458669403291027027530,e802803fc9400e6f0fe5317658e66b1e758f7e4b,false,mc textures\HAS ALPHA\bp_remade\no_mip_fixes\ui,false,true
0042eac3,e5ddf11c47e9d4f631f4cf654d478b7f62876050,99716cde38c3953126bfd5f56f859520688a0462,false,mc textures\HAS ALPHA\bp_remade\no_mip_fixes\ui,false,true
0043eac3,87fcde2cc20f862194e6c27461dcab731695af9f,35b217715d1f4de81583f3411cc5a0160274c605,false,mc textures\HAS ALPHA\bp_remade\no_mip_fixes\ui,false,true
00443f1d,9ace120e7aff5b1db8edcfa90af2c74a5b9886f7,a5e2c632fd20d99c5a53f0bab594c2df5264863d,false,mc textures\HAS ALPHA\bp_remade\no_mip_fixes\ui,false,true
00445c5a,4f0f8c952755591ab8716ed4aecd6aaf92038e93,ba0400e8965054a1322af218bc018378067a149e,false,mc textures\HAS ALPHA\bp_remade\no_mip_fixes\ui,false,true
00453f1d,421bc84212dee6307cc30777f4c037287ceeda8b,9e9a42be04f62e590372b58267267faedc25ac6e,false,mc textures\HAS ALPHA\bp_remade\no_mip_fixes\ui,false,true
00459114,32603829ef3306d66622b1ba82b6461e6400e3a6,f7101f5721e4754c5558d815e345b1bc876bf7c2,false,mc textures\HAS ALPHA\bp_remade\no_mip_fixes\ui,false,true
004613c2,8f141527aaff4ae6f9bd45f5f9d8cc57313b150c,cd0a948e2809b660d244a84bec9e4e89034f42f3,false,mc textures\HAS ALPHA\bp_remade\no_mip_fixes\ui,false,true
00463f1d,56841ca96a2575a09882a487e24052dfcaf0cf7a,12cb9bd9278d29f1ba69a49e1b18ac042a2a926e,false,mc textures\HAS ALPHA\bp_remade\no_mip_fixes\ui,false,true
00469114,33e6f4276a4daa63def91d77121d4d87bd62bf15,0d7d4335e70b1abfe7a7e30b63c89f0e6a1f1734,false,mc textures\HAS ALPHA\bp_remade\no_mip_fixes\ui,false,true
004750b0,ab7bd444eff549f42d9fecfb0485e8d711add829,b820c62c12e6492c1337db802f79eab45d004761,false,mc textures\HAS ALPHA\bp_remade\no_mip_fixes\ui,false,true
004750b0_b04d2410ad3d8dfa5e0f135d4c15d11e,d2a40e1569f879fb735a772414405291b0d2d145,94f491eb51a9830803cb19d3d4ea9628fe793291,false,mc textures\HAS ALPHA\bp_remade\no_mip_fixes\ui,false,true
004767e5,c85d494542939e05414eb6687828067d24397d90,d1853c04f27865518cf134d17e60a0cd06bf08a0,false,mc textures\HAS ALPHA\bp_remade\no_mip_fixes\ui,false,true
00479114,887eb1a321f8387c4cbbc67b7bc9436347f4a07e,a160a4c2eac8cf5ed726abbeb30680194d10bb72,false,mc textures\HAS ALPHA\bp_remade\no_mip_fixes\ui,false,true
00481d9d,536d4d5df60dae4c4a405028a5dacef9a60c05a1,9f7436576bdaf038fe1abff60f21c1f71e2cca31,false,mc textures\HAS ALPHA\bp_remade\no_mip_fixes\ui,false,true
004867e5,aeffd6449e2bdb2a1a29eb47cbab119256f5ada0,c48289dddc886da3966b83009b60be626daf2d0c,false,mc textures\HAS ALPHA\bp_remade\no_mip_fixes\ui,false,true
00491714,95b1b934d5e743961849ef3d3da708fa14ed9727,323312710281cb5171e19389d552f0ab53d39c2f,false,mc textures\HAS ALPHA\bp_remade\no_mip_fixes\ui,false,true
00491d9d,be06ee84ce9b2a4a2c91f19e337ee49d06fb2a39,7232fcc0c884250b93b56f82a37cddfb48e16cd5,false,mc textures\HAS ALPHA\bp_remade\no_mip_fixes\ui,false,true
004967e5,fef178dc7ce8a10d96ed9360ab4aab7e07796fe9,a6b1e03d67082adbec1e9f02adfd5f22aa3278c1,false,mc textures\HAS ALPHA\bp_remade\no_mip_fixes\ui,false,true
004a67e5,56c816b5d95711f8c47981150290722f20441dd5,95ee40d080c14bcb5a2cd2b7a7c9566355184137,false,mc textures\HAS ALPHA\bp_remade\no_mip_fixes\ui,false,true
004acd8a,74e14436f77a44825f7558f4ba71ce257a71c9ad,d1833596e8e00d03addfd4355a829de8165fcfe7,false,mc textures\HAS ALPHA\bp_remade\no_mip_fixes\ui,false,true
004b67e5,d7daacb0a026689f6f2606fe6e2bfcfaea35abc0,46f57a3625048408e2f6ba93140723e9cb0cf06c,false,mc textures\HAS ALPHA\bp_remade\no_mip_fixes\ui,false,true
004c1d9d,5a9be8c9485502b21c8a28215b473fa2abcf036a,6d0cb4b760da154557d87a974455eb0d47d26631,false,mc textures\HAS ALPHA\bp_remade\no_mip_fixes\ui,false,true
004c67e5,cbeae47b60748b28fc6b1b7318e61066f24041f8,10deef62e330128a37b2f69a2e41513d6aac8996,false,mc textures\HAS ALPHA\bp_remade\no_mip_fixes\ui,false,true
004c943d,8a0081aebb65a1aae874f7f098b8cddb358a4d2d,33be062d4399e3e28df60e1bb6ceced1853be597,false,mc textures\HAS ALPHA\bp_remade\no_mip_fixes\ui,false,true
004c9773,c9f92179ccf8bd4be5f38534020c8478df5a2d4d,f48c40ed67ebacacaa527ba0c19151906f08c7b7,false,mc textures\HAS ALPHA\bp_remade\no_mip_fixes\ui,false,true
004cf0ba,720c52a8d68ac82e5f49e1c4a3c0fb2cad532b82,6e1cbc60bc266c8746019d7c4651a9c3dd8db85c,false,mc textures\HAS ALPHA\bp_remade\no_mip_fixes\ui,false,true
004d1d9d,895499131d6e6072b1dd4d25be7fc1fc0d718ead,4c8cead2e1847153be2b2c860cc8aeaad0edca7a,false,mc textures\HAS ALPHA\bp_remade\no_mip_fixes\ui,false,true
004d3971,459977c5a6ec3a2ab009002d2ef0121046b6e516,3a2e160860d01ef5d2afaa599f21861daa1f94da,false,mc textures\HAS ALPHA\bp_remade\no_mip_fixes\ui,false,true
004e6292,e6decac8bfb57c6557288faf81a33afd2ccf851f,ed60fd65e1951b1dfd2da10d808057794fc04e01,false,mc textures\HAS ALPHA\bp_remade\no_mip_fixes\ui,false,true
004f1d9d,c20b4cabbdeec2eded78dd11ab6c876e30bf5c78,e0956d33905cca1fc8160c9ac2d3cee37f6ee677,false,mc textures\HAS ALPHA\bp_remade\no_mip_fixes\ui,false,true
004f1d9d_86994cb2425e706d85d38eb0d74da538,428307d45d417a99c6ed355ec82ea116e779b56f,353e99ee9361380ee68114f096357f8322d00965,false,mc textures\HAS ALPHA\bp_remade\no_mip_fixes\ui,false,true
00501d9d,eb0b5ba5e2bf78722c36e08115d92f76d4f511b3,68605cf86f7baac1ed8e5226caee2d42eab1e604,false,mc textures\HAS ALPHA\bp_remade\no_mip_fixes\ui,false,true
00501d9d_1914ca0e502000992f2d09f0b7a86868,eb0b5ba5e2bf78722c36e08115d92f76d4f511b3,68605cf86f7baac1ed8e5226caee2d42eab1e604,false,mc textures\HAS ALPHA\bp_remade\no_mip_fixes\ui,false,true
005155d8,676f3e937dd98e6a5f05885ec910aca08891ec6a,83037173fc42a0f785636cb6e14d4133d220bb9f,false,mc textures\OPAQUE\bp_remade\no_mip_fixes\ui,true,true
005255d8,b2842670faded7a748e67ef6fb599d4fc66f7307,41962d5380b54774c8317b802af6c08263067f09,false,mc textures\OPAQUE\bp_remade\no_mip_fixes\ui,true,true
0052f1a8,4f97320f65bade5b5cf2a83854804994b52a0873,8890e9dff2e439c2617ed59d9aa12e2ef0588533,false,mc textures\HAS ALPHA\bp_remade\no_mip_fixes\ui,false,true
005355d8,0892efdb1e2ea99292d400ec0e7629262e695665,56e1f4bb0aec2c066d3ed473ac325829877110a6,false,mc textures\OPAQUE\bp_remade\no_mip_fixes\ui,true,true
0053852b,fa9b1528aa84ca937b325c9e747aba713daebc96,75028a290d6b48cb7e65f5e700a46559c1365458,false,mc textures\HAS ALPHA\bp_remade\no_mip_fixes\ui,false,true
005480d6,ae69311f2cbb44080ff736b336adae6e631191d0,29badad7ed2736b59ce0f2e6a7618bb7f906e912,false,mc textures\HAS ALPHA\bp_remade\no_mip_fixes\ui,false,true
0055e1c2,2220866314e3894573411c90361ff8857120635b,e3646e6f13875ce91378e4e757d2acf5daeec44e,false,mc textures\HAS ALPHA\bp_remade\no_mip_fixes\ui,false,true
0056e1c2,e0c74f4efc8113f4d5ea4984a4c193faf7cb8010,ddea9d93eb935c16529926bcbef72c549f9a3d05,false,mc textures\HAS ALPHA\bp_remade\no_mip_fixes\ui,false,true
00585d21,046618881976653bd2014b829afb25a9399f5204,4798a17dcd609dacae87783f071b9ac1af6a5980,false,mc textures\HAS ALPHA\bp_remade\no_mip_fixes\ui,false,true
0059975e,641e94112287144b8f489c7ec6a0b9364dc1e8ca,9027c99e40da2e64388b922578e1048a419be5ae,false,mc textures\HAS ALPHA\bp_remade\no_mip_fixes\ui,false,true
005be756,420c8bbcc13bfc1da6429b8189d532e76bd1a626,5d3b9339538c1fef9321f3dc75f85005d4077a43,false,mc textures\OPAQUE\bp_remade\no_mip_fixes\ui,true,true
005d4f23,7714e4bed6e22db85867a03d018efc90e35db6eb,4f117b07c5984588816be70b60699cdb9e406ac6,false,mc textures\HAS ALPHA\bp_remade\no_mip_fixes\ui,false,true
005d4f23_b39e4e9a25db3103157377fb4b8b0fec,1d869da5a7fe48e7786744d3d02e747f3c08eac1,4ae217401e4d0e1e09fd4691c13e93f444c5cbea,false,mc textures\HAS ALPHA\bp_remade\no_mip_fixes\ui,false,true
005d8f6f,c28f8e41d4e1d754b5c1c5e2d0f52e7a10d48a11,8b36ad753cffaf1521b07f6de5d327ab115e7882,false,mc textures\HAS ALPHA\bp_remade\no_mip_fixes\ui,false,true
005db736,d4b597a8fd67f39a5177f7fe136be526311b6138,2ea6cafdaf38eacbc885d858317fb763b4619c62,false,mc textures\HAS ALPHA\bp_remade\no_mip_fixes\ui,false,true
005ef82e,3a1a24341fb38bc9f8acd74a7d55c29477e9fdc0,628d6376709c9d43540015b47352025b6c34f120,false,mc textures\HAS ALPHA\bp_remade\no_mip_fixes\ui,false,true
005fbe37,09f7a3d811e44ad871acaad7f461046aaa7910c3,27266b575a9dbb8e3c900156b186a8cfae5f7cd6,false,mc textures\HAS ALPHA\bp_remade\no_mip_fixes\ui,false,true
005ff82e,032113b409f0a71a865e3ea2187d00a19ac49280,8244857d9121ac93034c75984fc2dca3879a848f,false,mc textures\HAS ALPHA\bp_remade\no_mip_fixes\ui,false,true
005ff82e_177b36c205877f0112c491da63538970,d2aab4530f6c6bc4d2d9a838c4426d9f91ae9ae3,88cd5ea2938c4cddd50fdb15b30bf19b4cb948c3,false,mc textures\HAS ALPHA\bp_remade\no_mip_fixes\ui,false,true
0060f82e,37f3ebfd1f4be95a5e24ed26307b07fbac6aff0d,38c29e2590d1f83e70fbbff9dd0be730ae4853f2,false,mc textures\HAS ALPHA\bp_remade\no_mip_fixes\ui,false,true
0060f82e_0264bded5e12e838c3912158a2f4d769,681371b0f1a165ec8808e70ac24b0acf657c5ca0,49d4a221568ccf5e576af86471f8aad5e43ddc09,false,mc textures\HAS ALPHA\bp_remade\no_mip_fixes\ui,false,true
0061f82e,51264820ac41a42a8b0d8a1e317b01a049e85eb6,9d5357ec11cddb85fbb1c3e65b668d1388db27d5,false,mc textures\HAS ALPHA\bp_remade\no_mip_fixes\ui,false,true
0061f82e_ca18611ab4a038674f959c4e94e7aede,d8fbccf336e37ac01eae0bd38a4cd75d9e2a6b3f,6323b12e85a225f0806f02f97a5582796a53d5e0,false,mc textures\HAS ALPHA\bp_remade\no_mip_fixes\ui,false,true
006209d0,9f4e2df94ef620802ca86b951949a50b87a3ecd8,39ca30a5a7b5cfc9693db10935fc84e42e360068,false,mc textures\OPAQUE\bp_remade\no_mip_fixes\ui,true,true
0062f82e,4ad625e591d5b9619dd7f8b395f9f4318de187c0,315d6106d0a102c5f21c3b40dfdbdf377215636f,false,mc textures\HAS ALPHA\bp_remade\no_mip_fixes\ui,false,true
0062f82e_3db2c3061fabc2281c2dd6b4130eedb9,a401d28cedd2657397afe4f06360d70e90e8b232,e68f8c0ec1a075e478231f99df79b0e5bbf2573b,false,mc textures\HAS ALPHA\bp_remade\no_mip_fixes\ui,false,true
0063f82e,59b3793c196e061214488a5952c06213bea930c2,04182cd8f099ae18858e57d6d6429e38e97b362d,false,mc textures\HAS ALPHA\bp_remade\no_mip_fixes\ui,false,true
0063f82e_52b985aaa92b3207cd49053dffbf523d,2cd68acf771518eb5495ed2b5a86f524300d5549,b281a309c0a83ec42cae53b74f61abdebff86adb,false,mc textures\HAS ALPHA\bp_remade\no_mip_fixes\ui,false,true
00645d05,ba15a667c91af79fccae32d59e15fbb1f32c27ce,c68b6da35b673e18edf558353827fdec87e8ea98,false,mc textures\HAS ALPHA\bp_remade\no_mip_fixes\ui,false,true
0064f82e,85ab6315ad7e769c0f70bff7f884f0ca4dc19e82,3c688418a66b82bf872b1d910d9d71ec15d5241a,false,mc textures\HAS ALPHA\bp_remade\no_mip_fixes\ui,false,true
0064f82e_923078466946a3acdea05dbf22e0f6e7,efc7f8131ad22bc3eaef9eb42162d2d2ed6c67b9,a81a2a752c279e8bcf8e2bc0579c432bfaa6cb33,false,mc textures\HAS ALPHA\bp_remade\no_mip_fixes\ui,false,true
006597ed,7e170eec1ecd919b676a1f41d949235235e49cb7,853a305cd8d27e97a45d8f272a8e94cd605950e6,false,mc textures\HAS ALPHA\bp_remade\no_mip_fixes\ui,false,true
0065f82e_599e1a822c915823a768daf1f6ee7174,274a43dfa1d4242ad2b4d8e6cc6ee3e5193fdd41,a9d9083d125f001b6234e883f603eed819761cf3,false,mc textures\HAS ALPHA\bp_remade\no_mip_fixes\ui,false,true
00667ab6_ef3811ba64502191909b0210b17b8b02,99f0f95f196990292a9ab7f0e398771f547975ec,1766afe6669e9dc9dbb44940946a701c13a3d8c8,false,mc textures\HAS ALPHA\bp_remade\no_mip_fixes\ui,false,true
006697ed,d533deaac86c4c8742873ac1d5aabd739209fb02,cfdf1f31001eb4a636180ba31c73ac314fccbd8a,false,mc textures\HAS ALPHA\bp_remade\no_mip_fixes\ui,false,true
0066a618,428f4888d3a9a09513e4ae6eab8f8fd9b53b69ce,2ffe84047a6d1b52eaa2ed411e36fb1c47788be5,false,mc textures\HAS ALPHA\bp_remade\no_mip_fixes\ui,false,true
0066a618_476d380161520ae923d8f74ede9a2e8d,09a3f326b5e9be1e9de29e3cb6fda62ba5547d25,f587b7d2fd8fb32be8e850a8f38a3e1dc6768380,false,mc textures\HAS ALPHA\bp_remade\no_mip_fixes\ui,false,true
0066f82e_e37d08b66c98c80f675d8c6d9a2cebdb,fcf0b0f175b7cb6f210ff7f27e3fe1d4c5a31be1,9d994f30a9ee87fa8922819bbc47c26fe22b01b3,false,mc textures\HAS ALPHA\bp_remade\no_mip_fixes\ui,false,true
00671d9d,af5fc9d853c5f3b7af12956adb7108eea4a2222a,0394ddf9594cb71cf6559d8128e2b8b995ef331f,false,mc textures\HAS ALPHA\bp_remade\no_mip_fixes\ui,false,true
00675c5a,4ba343e57399d94512b7ba2eccf50b015a14c3d1,e8ba288e74c7afc5cf1029ccd9e42a22e955b017,false,mc textures\HAS ALPHA\bp_remade\no_mip_fixes\ui,false,true
0067a618,763de6e2f84bc788df7ae7a59e2dfe8b8689a6dc,fff55795ec217d4afce3b63313196995299cb527,false,mc textures\HAS ALPHA\bp_remade\no_mip_fixes\ui,false,true
00681d9d,7de4f6129e14c5125a3e3dc371571fdfd0e7fab8,f3c29dc7796830534d7f3b6a634df9d5d962e438,false,mc textures\HAS ALPHA\bp_remade\no_mip_fixes\ui,false,true
00689021,3e50ebba68582d9c429f2ced3c33aebadf63a3bb,a4565d9753571ec8609a357dabf0a66731f3bc89,false,mc textures\HAS ALPHA\bp_remade\no_mip_fixes\ui,false,true
0068a618,310032891f5c50ef1a004bb3ce0266fd7ce368bc,17acd30dc8d12640188c1ab1f62afa11a9c8d8dc,false,mc textures\HAS ALPHA\bp_remade\no_mip_fixes\ui,false,true
0068a618_ba9ef0a583a2d517886f9b6c53e96e92,644821f4e5a069dadde7b582e3a4059ce74e2e72,75414572b4f6c7f4859c46ce1c64b589c0bd03b8,false,mc textures\HAS ALPHA\bp_remade\no_mip_fixes\ui,false,true
00691d9d,e758da37f9dc8c6c19a85e3f186767fb543749d3,26ff52bcf1a580c44e33471be5a3d1a0f78de374,false,mc textures\HAS ALPHA\bp_remade\no_mip_fixes\ui,false,true
00699021,c595ce1d290c8f8a96a67ce58dbf53e118f46c47,a957948451faa6341839cc9722e7ad692247e0d0,false,mc textures\HAS ALPHA\bp_remade\no_mip_fixes\ui,false,true
006997ed_b20d65f1089467ce6fec4d3a8c8134c8,efb7d409c5e97bb3f373f8dfa93e4303e4d60d2f,ca47533e26e0d320f8d5db1db20081da02ef55b7,false,mc textures\HAS ALPHA\bp_remade\no_mip_fixes\ui,false,true
0069e496,2c5c1bc2903d1cd9dc15733c38a0df9948539df1,1f47c24c7b825d9b560a96e16d897f6bc3303009,false,mc textures\HAS ALPHA\bp_remade\no_mip_fixes\ui,false,true
006a97ed,f4c956807f28ee89165e0b081d4972e7ebe4bb88,5e7c267f416dba5c1beea520144776462ae1d8c9,false,mc textures\HAS ALPHA\bp_remade\no_mip_fixes\ui,false,true
006a9dfd,d1ac96576224376d2befe3c1bc7a5f73b4032800,be83396e586e6ac2be5fc03604f6d9c010c86106,false,mc textures\HAS ALPHA\bp_remade\no_mip_fixes\ui,false,true
006aa618,10cf09abd2e712a7b8c738305ae4bd1b61beff38,1ba8aa6a49cf0eb8ccf1b8c6775190974ed0069e,false,mc textures\HAS ALPHA\bp_remade\no_mip_fixes\ui,false,true
006aa618_5e5881ab87a4498b100e3983cca31058,2cd6b418fe528b2174eb264b49bcc6e19eefe469,d4340cb85af9a2c5c156152055488501263eb182,false,mc textures\HAS ALPHA\bp_remade\no_mip_fixes\ui,false,true
006af2ba,6bbe86e67992ac82cb66db21a06f99a19d8dd622,509095bba040f8fa0ce77fd04514857bdf4e48dd,false,mc textures\HAS ALPHA\bp_remade\no_mip_fixes\ui,false,true
006af2bb,dc4b5412701a068d86397476a1cbd02469b002b1,233425184ccfaa4440c713a379ae2e5f934f2d3a,false,mc textures\HAS ALPHA\bp_remade\no_mip_fixes\ui,false,true
006b325b,b81bc4a3cdc2d37bac64725f53042fd6597353f2,d1df5eda97e84f947efba87fa5250313e3b5cda1,false,mc textures\OPAQUE\bp_remade\no_mip_fixes\ui,true,true
006b508f,4002b22915fe541f03fd9439067dab57505afb90,bbd42bf4f8d0c100063dd560945c2515c48a38ec,false,mc textures\HAS ALPHA\bp_remade\no_mip_fixes\ui,false,true
006b5ae3,b3daed70e0fd2a19e0bcebcac88de9dd1d692886,96639326e7c5b8e33491a4f640389e9d64ea489c,false,mc textures\OPAQUE\bp_remade\no_mip_fixes\ui,true,true
006b9021,7c043396ba2f482b5a58ef00e2487ac0d26072a4,b5ff7de5c99bedb45c1578e344191f8845f02a89,false,mc textures\HAS ALPHA\bp_remade\no_mip_fixes\ui,false,true
006b97ed,072c7e1e88d42a387ae5da91094201c0f329554c,183c98491b7d00d17bfea578d9b21f757b9a73c8,false,mc textures\HAS ALPHA\bp_remade\no_mip_fixes\ui,false,true
006ba618,0e4f4852dc29a5334484b9bd3807a0450d82a716,026f0be7db0e13899c21dfed50200ac9439c9542,false,mc textures\HAS ALPHA\bp_remade\no_mip_fixes\ui,false,true
006bcf85,c0b6f0c8dd9271287d79e15d10327fb55a6035d8,a17e0503f5011c6fc55674359af85641b5ca3125,false,mc textures\HAS ALPHA\bp_remade\no_mip_fixes\ui,false,true
006bcf85_3bbce8b6d10a47883f9038737995145a,56071f9ced9192ee99baf0c4854954bb9e6fa440,bae9da25abe01f9d1b3f4050bb73444077e8a95c,false,mc textures\HAS ALPHA\bp_remade\no_mip_fixes\ui,false,true
006bf7fe,089f639bc2f8ec8033cef388bf8d8c97df28123c,2a5d612ec229478e6dc9ff42d44c29f008a2d269,false,mc textures\HAS ALPHA\bp_remade\no_mip_fixes\ui,false,true
006c556d,01c8b23db3c3fba169ad321b3e3bc10be64532c4,9ea309d6d816124b2ba98cb9803119fa72d1728a,false,mc textures\HAS ALPHA\bp_remade\no_mip_fixes\ui,false,true
006c97ed,78cbe88a05036c822bfd4e8d341e27c0d36e0cf2,015a0cdc8c0ea37270e064c97074a8bdc9ca7a45,false,mc textures\HAS ALPHA\bp_remade\no_mip_fixes\ui,false,true
006caeb5,21e25646232367655b8d76626a454965f832a109,aa274db1fe8586a899174794dd9fe3bb2a366d5a,false,mc textures\HAS ALPHA\bp_remade\no_mip_fixes\ui,false,true
006cc7ed,60ff0819adcf7748e8a9dd38f5e04590c89ea4e8,4d9ad9f91f4644cdb02ffd999cd01a6338cedb70,false,mc textures\HAS ALPHA\bp_remade\no_mip_fixes\ui,false,true
006d556d,6fc145324b61b6a7c3047702d98946ffe6eb0f45,dbc455d82d95d24d76ebff7298745dcc956b3054,false,mc textures\HAS ALPHA\bp_remade\no_mip_fixes\ui,false,true
006d9021,9399b64578fe500d0f41904d636838c557c35efa,ac100ba8628ec86029c70fb5e25e50630b1cf61a,false,mc textures\HAS ALPHA\bp_remade\no_mip_fixes\ui,false,true
006daeb5,df31ac08b5d5fe3ea2e1d329547e0214fbdb0336,dc992199dfec242f8a995eea8b463631935c2faa,false,mc textures\HAS ALPHA\bp_remade\no_mip_fixes\ui,false,true
006e6ff1,4479a87e0fdb34574040366a06448cd5d5575c10,78f79811a4cc3c82921001e7caccc1a4db38e4ed,false,mc textures\HAS ALPHA\bp_remade\no_mip_fixes\ui,false,true
006e99ea,1af36563397e35e6a60dd5765bb38a4b327a6235,4ecdf660a97a11b0adfc5a50b3defe9bdcf8ec88,false,mc textures\HAS ALPHA\bp_remade\no_mip_fixes\ui,false,true
006eaeb5,cdceb49254eaba6399ab730b36aca86892a481be,ba9abfb52e9a51dda9a4c15b6ac76bd5e6d1c3bc,false,mc textures\HAS ALPHA\bp_remade\no_mip_fixes\ui,false,true
006f2b75,4915aef529ca503cfb291e83f5474f472b039b97,46279eac56a1c2aad718069c1341eb715451bf2a,false,mc textures\HAS ALPHA\bp_remade\no_mip_fixes\ui,false,true
006f6ff1,8427146a58203a47847a748e382f03ab25f56811,3788be04e39906423869bc1c4cdcb5b02357f3da,false,mc textures\HAS ALPHA\bp_remade\no_mip_fixes\ui,false,true
006f7421,9e286fca286e9d0e0878aef9fc8bec6b545f9a1b,562ab465b99b4f5328d66758835459d2135f0662,false,mc textures\HAS ALPHA\bp_remade\no_mip_fixes\ui,false,true
006faeb5,18194f538e3d9eb0d8da1a98447347c415ee4e28,a05e568b6043e53df818afebd349662d440e4951,false,mc textures\HAS ALPHA\bp_remade\no_mip_fixes\ui,false,true
00704ad1,8d1a3aee637a15da57c4beb3c87400f0241538eb,e0f90ebdacc6e84d78ea23cf55d7b4de2cec82b1,false,mc textures\HAS ALPHA\bp_remade\no_mip_fixes\ui,false,true
00706ff1,38760fcaaa989785430d997c1012b5bacf28076c,31ee18072e2ca56622b7be4fa129e0c4abc8fc19,false,mc textures\HAS ALPHA\bp_remade\no_mip_fixes\ui,false,true
0070aeb5,76b3c4ffea484fa50bfc0f795f90a369b9bb9d15,a781a8c3802a70018e9acc33e3469f735260fbbe,false,mc textures\HAS ALPHA\bp_remade\no_mip_fixes\ui,false,true
00710601,2f65909831dac71db243e981ea47208f67ab843d,7f2fd58311e73a07867875246b239f6f9fc73191,false,mc textures\HAS ALPHA\bp_remade\no_mip_fixes\ui,false,true
00716ff1,0c07cac12673bc553a6f6cd9787971507e33101a,54d62166374ed576bed34a5d0f99e3c43a20b11c,false,mc textures\HAS ALPHA\bp_remade\no_mip_fixes\ui,false,true
0072466d,a83d6369e35ecbca2addaf0753360db79c04e497,cb5f7622cc6348488fa72aed92d53b9d69ed7816,false,mc textures\HAS ALPHA\bp_remade\no_mip_fixes\ui,false,true
007246ed,89ffb13a9234d044afc36c39acc51e25c3380940,c1c0011af9cc9c00d49f1b125e428e34e59ba199,false,mc textures\HAS ALPHA\bp_remade\no_mip_fixes\ui,false,true
0072476d,d7e27ea9837ea7fccf9120b8de0bda7e5d126ffa,a9f0872fa5e1c5395dac0009d324fa0e7b376f84,false,mc textures\HAS ALPHA\bp_remade\no_mip_fixes\ui,false,true
00724ad1,7bbd8a6a801117fe83df2af75b6d7fe216a6d93a,2643f45459aff042b560fe0ae21cb426a4c95617,false,mc textures\HAS ALPHA\bp_remade\no_mip_fixes\ui,false,true
007255d8,f486d7f2c85ecccadf6422ade29d274e1f92c68e,546a245f7bba6d7829503110c82541916fcba24d,false,mc textures\tri with alpha\bp_remade\no_mip_fixes\ui,false,true
00726ff1,4cf1032d548d76e4c3e7d2f797053febd74e80fa,c3bdb5b46019349ad38051c2800e87f8f990ade2,false,mc textures\HAS ALPHA\bp_remade\no_mip_fixes\ui,false,true
00736ff1,695fd8976b1c6506e32023fadbcb1ec2dbb60b8a,87a922cdf6c95a6187b808311b3c1725cc2abc1e,false,mc textures\HAS ALPHA\bp_remade\no_mip_fixes\ui,false,true
0073ecb6,449531ca4724e432b6a89696afa7999d84d8b359,583dfbb5079d17695338b4673e594efeeaa4097c,false,mc textures\HAS ALPHA\bp_remade\no_mip_fixes\ui,false,true
00744ad1,eef74b13fd0ec4f9a29d8899ae923b0bb3734119,918d62a57cd15ea49e6ca0692ed4184b71d8f465,false,mc textures\HAS ALPHA\bp_remade\no_mip_fixes\ui,false,true
00746ff1,946387d96ce19e091eba18603b53599a63a83861,fae36a0dfb01809eebcfc86d573b5c64bddf0bbd,false,mc textures\HAS ALPHA\bp_remade\no_mip_fixes\ui,false,true
00749dfd,5636495cd973b1ea27528428d1dd07e0c4ddf37d,4ccfd0075c8a29471036c44b3c24bd3296248d4a,false,mc textures\HAS ALPHA\bp_remade\no_mip_fixes\ui,false,true
007559f0,89c26222a12e940de600b416be2cb750fad27b1f,db520267d89b1fb1ac46ba08c8cc8fd638515764,false,mc textures\HAS ALPHA\bp_remade\no_mip_fixes\ui,false,true
00758632,1959db36276fbd7c7d4b604f308be543c1f88ddf,d9c5c207b0b14e4e3e3ce506f60558aff30cd1a2,false,mc textures\HAS ALPHA\bp_remade\no_mip_fixes\ui,false,true
00764ad1,c965b5bb5899da330878d769cea9b465df442a90,02af3fb6b4a19cc2c78e4322efbeefbbcb1cbb49,false,mc textures\HAS ALPHA\bp_remade\no_mip_fixes\ui,false,true
007655d8,d55f6c3beb37ca26be4fa5187032018635236543,6b5b79bb510f92d7fefadee61e70a4233c38ae1d,false,mc textures\tri with alpha\bp_remade\no_mip_fixes\ui,false,true
0076ad61,df91811c47b59836d905e2ff9443c80538ada338,814d1ff723edd50afd46d762ff84684440390a8e,false,mc textures\HAS ALPHA\bp_remade\no_mip_fixes\ui,false,true
0076cd21,66bc4125d330551e86f0c595e393d04286f8ae96,9882850fb7c9cee24053106f81dd7aba35a43eab,false,mc textures\HAS ALPHA\bp_remade\no_mip_fixes\ui,false,true
00774c18,7d01ac894b35c8e14b250cd1232307143816cf3f,a5e7123a11eeba6a6676c89e43a4feb459908cf7,false,mc textures\HAS ALPHA\bp_remade\no_mip_fixes\ui,false,true
00784ad1,025937403f4320bc33405c2af2c9d6369dc0cb93,b6b7bb0e8829dd8430af7e3f7ef565e6a64ef001,false,mc textures\HAS ALPHA\bp_remade\no_mip_fixes\ui,false,true
0078980c,a46d39081d0572e81af0537416cc2a57348110c9,e339261380917b8cb2dfd514089243feec4dbca0,false,mc textures\HAS ALPHA\bp_remade\no_mip_fixes\ui,false,true
0078adc6,d816fdea2ffdddfaeb4a2144862145c707b957f9,047e6e2bfebd6237c8cacc1a1a58be1c3a69f13d,false,mc textures\HAS ALPHA\bp_remade\no_mip_fixes\ui,false,true
007a4ad1,c270fd538f4b5663630507373242453fa199255e,e146d50d6d9c700e77ddf162d60ebbcf9f01b134,false,mc textures\HAS ALPHA\bp_remade\no_mip_fixes\ui,false,true
007a9dfd,96e2553979cbbd3632b3a8b947be9cf6f285b344,6be9ddad7ea8d5a5e88da1b2d077bb2ca42d8018,false,mc textures\HAS ALPHA\bp_remade\no_mip_fixes\ui,false,true
007b651a,0b5aea2d37c7d48776cf358a332e1a4d2c58653c,42bda9128eeb8a72230434a10fd72acd829bf03f,false,mc textures\HAS ALPHA\bp_remade\no_mip_fixes\ui,false,true
007bb259,09e71a5f09535fedd808f0fe45eee4a922f1e3ce,95e7aac9fb63bea65545561d19dc7e7a82b30a59,false,mc textures\HAS ALPHA\bp_remade\no_mip_fixes\ui,false,true
007be718,155d7e9bf2fb472e5c9422ab83cb25f71dffe6ed,d1d4d08b0a7d5d6b2b02cbd9be80af60ba8d7525,false,mc textures\HAS ALPHA\bp_remade\no_mip_fixes\ui,false,true
007c4ad1,434f171ca16306ea5898694aa7eed88fab3361a6,a6463563a68e28014d3b83d1b9f948ddb3e7ca3a,false,mc textures\HAS ALPHA\bp_remade\no_mip_fixes\ui,false,true
007c9dfd,7dca4cfc4abb969597e10fc11fd41a52d4486f1e,5b1d9eb4a0f3728c27396f326b73787449dfbc58,false,mc textures\HAS ALPHA\bp_remade\no_mip_fixes\ui,false,true
007e4ad1,377b2f953fe04b8d1a2569649cfc07e0a3f70495,35d912dbaf0acdd508b0556de28c173cd9c7e784,false,mc textures\HAS ALPHA\bp_remade\no_mip_fixes\ui,false,true
007f0488,92b2d8a6d6c9ec2a3d1a14aba66de13553569132,b664f68b39b1dc7c3e221044a7cb76a992173dcf,false,mc textures\HAS ALPHA\bp_remade\no_mip_fixes\ui,false,true
007f6817,f5920971ba9641a23a178b6c935f40210407972b,80b691cbf76b95cd5da9033b9bab2a4c5e8e1ff0,false,mc textures\HAS ALPHA\bp_remade\no_mip_fixes\ui,false,true
00804ad1,2eb1e7bab6d2c5c046e1f7c83ab5092c57458f6e,70bac6a68c16585afbfc5a320ddef6ddd86102ef,false,mc textures\HAS ALPHA\bp_remade\no_mip_fixes\ui,false,true
00818625,de81895fe40e34e70ef400c2479a80f2b9bf6c7a,6436ebf1ae2abfaa29cd5935c99146771ae147a2,false,mc textures\HAS ALPHA\bp_remade\no_mip_fixes\ui,false,true
0081f6b5,17313ecc4f264e8f61106b056fe1788d3095480e,da76683228e0b29819e06c4d8ce16a291b7fa296,false,mc textures\HAS ALPHA\bp_remade\no_mip_fixes\ui,false,true
00824ad1,7ab15bb609174c4d42e0f23774a4d9bc1df4d2b0,61f2701a44b5d5162f0725732badcbbeeca90bfb,false,mc textures\HAS ALPHA\bp_remade\no_mip_fixes\ui,false,true
00829016,bd1abf1f1c454e01b79f745aa72dbd36312b29ac,002ef012320429088fc7b9474e3427c3c96815f4,false,mc textures\HAS ALPHA\bp_remade\no_mip_fixes\ui,false,true
0083fa46,dc720403bcfea87b295bead75d14aa0716e8c830,e5fac8f54f3c64e71670bfcd41ca53db28b688ff,false,mc textures\HAS ALPHA\bp_remade\no_mip_fixes\ui,false,true
0085a618,88cf02f2bf8f0fc2b4578d9bed90e9cfa78a8687,4eee7c13286a22dbc7431e31e05cae69fd126cb6,false,mc textures\HAS ALPHA\bp_remade\no_mip_fixes\ui,false,true
00885728,0bc10513bc7af07891277b497def2dbf0d881199,228e8ec6dda1ec1a1200bd577317e8a66d20a26a,false,mc textures\HAS ALPHA\bp_remade\no_mip_fixes\ui,false,true
0088b898,bcdd5611f9c435f72505801a30e711cd9fe74ffb,855093385321b8f3aa85b6d7b72f63b6ab6270d8,false,mc textures\HAS ALPHA\bp_remade\no_mip_fixes\ui,false,true
0088c589,cfde34d8c54f81dd6bc29a437a13eec03369c470,ebf770546dac7116e837febce55507eb909e7009,false,mc textures\HAS ALPHA\bp_remade\no_mip_fixes\ui,false,true
00892df9,6d9fa741531054b148ba493223585a8082566bca,eb0d4b159c953c4ddc1aba8721fe424a6bfe6019,false,mc textures\HAS ALPHA\bp_remade\no_mip_fixes\ui,false,true
00895b43,b2d4c72ae63e0f704b5b19906610cc3d3be7c2dd,0a806275a71b375d1b3295e7622737f342104ae7,false,mc textures\HAS ALPHA\bp_remade\no_mip_fixes\ui,false,true
008a2128,dbbd5fa9ce32ebd357bab0a5d60317e1f0b6c975,7bd3d1af8e6cebc031b9ecb07eb6f8fc24af27c0,false,mc textures\HAS ALPHA\bp_remade\no_mip_fixes\ui,false,true
008a8469,82d4509de52e526bdd5fb8dd71397d0382847059,95874207506694edc8cb09afa98049d8acfc0df7,false,mc textures\HAS ALPHA\bp_remade\no_mip_fixes\ui,false,true
008aa618,43ad0a1ab941bfed97d1aeaaaaa122c3078db934,2edbbe44e545fa3ea3688d77248b55a185b8c564,false,mc textures\HAS ALPHA\bp_remade\no_mip_fixes\ui,false,true
008c21a4,d70f441ee103e62431ab99f3b39e404e0e3fc3ee,6a5f1f95d3b8fda2fa7cc4f66659d4f67c27c6f6,false,mc textures\OPAQUE\bp_remade\no_mip_fixes\ui,true,true
008c9a00,7998ae11d695ae5fe2b678950189b9aedfdb492f,18c5ca99249b6fb9dad581ff7744f2a395440f1f,false,mc textures\HAS ALPHA\bp_remade\no_mip_fixes\ui,false,true
008cc589,f11e81d6341f952fbe418910792f2eb3e31274a0,232fcf0de4c1164526110ea941982effe40fb653,false,mc textures\HAS ALPHA\bp_remade\no_mip_fixes\ui,false,true
008d752c,3e9f546cf608ab2aed192b1c2b595c1841208fde,67f959f5b4cc5a9d5a7edaa24bbe0ed314d66544,false,mc textures\HAS ALPHA\bp_remade\no_mip_fixes\ui,false,true
008db9df,f8ea7d437c965216d42eae19d0bd3e881fb2342a,bc03f9afab3cda67c99042ef59cabbcc86fdc883,false,mc textures\HAS ALPHA\bp_remade\no_mip_fixes\ui,false,true
008dbe37,ed354fa862538033b4533b69d537c21817e82565,cc985da71ee487560715095faf55cfce5e374610,false,mc textures\HAS ALPHA\bp_remade\no_mip_fixes\ui,false,true
0091a721,ddcd14460878e6730a7fa5d3b0d81ca84c3f465c,a6b21ae08f46c77e5ea01458cedec4adbe59d3db,false,mc textures\HAS ALPHA\bp_remade\no_mip_fixes\ui,false,true
0092f25f,c2fc77a38c45a8eb06d88aa74fac9f28e46351ec,3d9be5b8eac76199e25949bad51b134dd92eb761,false,mc textures\HAS ALPHA\bp_remade\no_mip_fixes\ui,false,true
00938001,32f09e245abac61bb58d015bb81a617f4d29cac9,074765bc2b295c09eb527f23757f7fb38b759ece,false,mc textures\HAS ALPHA\bp_remade\no_mip_fixes\ui,false,true
0093cba3,f6383e4c3fa178ff553c8517d69b86b708d6266d,ab9f53fe1868b2a563aab6425eb3857596b25303,false,mc textures\HAS ALPHA\bp_remade\no_mip_fixes\ui,false,true
0094533a,e718cba5e45d7a8c0047c863f46884160568de0a,033e5480397994a6765f4cb17ee3b13992a446b9,false,mc textures\HAS ALPHA\bp_remade\no_mip_fixes\ui,false,true
0094c618,25230a66de5b2e850890cfb63cb9bfb203617992,87b437c9a3eb7027999c1435815ee8a493e45966,false,mc textures\HAS ALPHA\bp_remade\no_mip_fixes\ui,false,true
0094c618_302caf9734786b4cc1f4a66a958a6df1,c35b5e7be5d6e0848b26c305dc774b09b9bd1d1b,0912d2ea2641ea7e2efc711f12a4f46286d78695,false,mc textures\HAS ALPHA\bp_remade\no_mip_fixes\ui,false,true
0095cb32,b38751b9430a8e7004786f5724c0a20f31cf22e4,40a487730f31e7aa8ae78b787da70057b25771c8,false,mc textures\HAS ALPHA\bp_remade\no_mip_fixes\ui,false,true
00985407,3f76ec676c7a23ef6ba0e44642871e015e32d3f6,6dd150e7941ffa9eb903e1d550a931991b80aff4,false,mc textures\HAS ALPHA\bp_remade\no_mip_fixes\ui,false,true
0098f24a,f09094888675c3f2c85e8f56cc59b484ea2699a5,eec65ebe34129c58c4f1e1ee0c89ea82332f7270,false,mc textures\HAS ALPHA\bp_remade\no_mip_fixes\ui,false,true
0099a618,074ae3af0d798899cf06036cd4e292fc69270686,6d3b6e76275116d1c7826e0afc90a5103cb9de51,false,mc textures\HAS ALPHA\bp_remade\no_mip_fixes\ui,false,true
009ac0bf,158ade31b806722213c345a512aa94231f58114e,93f1840687eabb27f686263c9b5a617c69c4cc90,false,mc textures\HAS ALPHA\bp_remade\no_mip_fixes\ui,false,true
009bc0bf,8eadbbd752e318053b5170579720cd995ab4678a,f6c6cd0adbb18408e589431d57ac510fc5bcd948,false,mc textures\HAS ALPHA\bp_remade\no_mip_fixes\ui,false,true
009cc0bf,7a5d97461771b780dadb0a48411ea58ea60a7219,f6d9d7d9b2c184204e9d75d8656d1c97d04eddd0,false,mc textures\tri with alpha\bp_remade\no_mip_fixes\ui,false,true
009dbc16,45dd6c42ecaaafb2f3379d11c0ff2a9bbe4b14b7,5dca8e6fb9fd2abb18bd072ee417b19934a44441,false,mc textures\HAS ALPHA\bp_remade\no_mip_fixes\ui,false,true
009df079,8e5fe73cf7505dc62b048d9c754b60aed9f6d955,5abeeca05004bfb22cc958effc8a5214a44fe72c,false,mc textures\HAS ALPHA\bp_remade\no_mip_fixes\ui,false,true
009e0995,75d6c30ad9a9c43e6b754df205b3bdb7de2427cc,c1ac247d5a4b28ecf3e9ae819ff874979cb57adb,false,mc textures\OPAQUE\bp_remade\no_mip_fixes\ui,true,true
009eafa1,cc56d99115f8260169ab47fbc9d828ed5d87ed74,3499550345b5913a5eb7a97b4a3396588c3ec456,false,mc textures\HAS ALPHA\bp_remade\no_mip_fixes\ui,false,true
009ebc16,35d31764a8484d1041a6e84b6bb906e2434a8efa,955827db0d403fcfe90fd3f6b7751529db48697d,false,mc textures\HAS ALPHA\bp_remade\no_mip_fixes\ui,false,true
009f0995,4cc0b36600aca749eda201d70887b201be473ee3,59b10655d6eff7fb4f050f5436b69138eb7a125c,false,mc textures\OPAQUE\bp_remade\no_mip_fixes\ui,true,true
009f2fba,d4ec279a62510d2381f8e5760eaf5693b45560a8,af3fc7fcf52bb139934e189caf760518d9f9e525,false,mc textures\HAS ALPHA\bp_remade\no_mip_fixes\ui,false,true
009fa21b,9736b56ea45820727377ba0003e8d7d2c65251b5,b216685b4e68e00a99df0c75ba44cac9511b5099,false,mc textures\HAS ALPHA\bp_remade\no_mip_fixes\ui,false,true
009fafa1,5855cee3d6c5c807eccab725f43321baf06e5188,2b2171d627aef165ee479251c095fe06382f643f,false,mc textures\HAS ALPHA\bp_remade\no_mip_fixes\ui,false,true
00a093d7,e6c1d524232296c07b5da4bb2c43dee9ac2cbf3f,e20bec53339e30aefca1c33323b5cfbdd5b3bb16,false,mc textures\HAS ALPHA\bp_remade\no_mip_fixes\ui,false,true
00a0bc16,cbbb7716c238b9974ec6a28da0d886c8eea7607d,3934b963f2a5c838055618baed7f6bbc159971d5,false,mc textures\HAS ALPHA\bp_remade\no_mip_fixes\ui,false,true
00a127a1,4fceeae93bef08af60062e9133b680c73905f19c,121f79b3502a864e1748847c2f71ca692321c108,false,mc textures\HAS ALPHA\bp_remade\no_mip_fixes\ui,false,true
00a1bc16,821a63f761f11f4872f617be840cc04384824209,aaaccd8ddfc3fd535304ed1aab6d80b1c8c63fb7,false,mc textures\HAS ALPHA\bp_remade\no_mip_fixes\ui,false,true
00a225a6,e917382b10bb9133f9b771f5620d6fde9aab4508,a5accb23d50dbdc32497ad856f4b799df94518ef,false,mc textures\OPAQUE\bp_remade\no_mip_fixes\ui,true,true
00a325a6,2a465feff2fccdbe2a61554f41f66f86a577147d,e41d25737e58fb56dc329ee3e02d1ddfa3076ace,false,mc textures\OPAQUE\bp_remade\no_mip_fixes\ui,true,true
00a628ba,9b4ba6c02e886fa6005cd7103f037ca64b7c3044,279cf698925aaeb6349bd409d6805e4c298b2133,false,mc textures\HAS ALPHA\bp_remade\no_mip_fixes\ui,false,true
00a69783,ce99d0f251026c29dcd476f6b2b310af55f9f1c4,fdb28c39f22ee2138d84a89d99a435e96075b553,false,mc textures\HAS ALPHA\bp_remade\no_mip_fixes\ui,false,true
00a891e2,5195ead42aa3b52e94a7169f0e02082a6d54c83a,08fd204f93cd7f6327405b4c9b1b1c1acb7dd12d,false,mc textures\HAS ALPHA\bp_remade\no_mip_fixes\ui,false,true
00a936cb,816fb92c803a7ccefb66124add2d781c2f108f40,78006f4580d72d23817f71fe1d877de061737fd3,false,mc textures\HAS ALPHA\bp_remade\no_mip_fixes\ui,false,true
00acbe37,fc7616801d36731ca1539d26070c01e7c1c08e01,a07bea12e65bbed5e628ffa2c7db5d2bbf44a6aa,false,mc textures\HAS ALPHA\bp_remade\no_mip_fixes\ui,false,true
00ad7f33,289edeca1cd6ec81e8e1337ef21737e86c647558,32adb7e5e41a41f942ba9c47051ab2e652244bff,false,mc textures\HAS ALPHA\bp_remade\no_mip_fixes\ui,false,true
00adb42a,8970187bbca68d34cf60e6323aa447abcb02bef0,b4817b30ce115f4cd6c6e0bebe493ce0732aecc1,false,mc textures\HAS ALPHA\bp_remade\no_mip_fixes\ui,false,true
00aeebfc,a312976d542faaee3f1c10804e1cded8eed3859b,4643620aae698bed1a2c54f0fcc88dc73c6167c9,false,mc textures\HAS ALPHA\bp_remade\no_mip_fixes\ui,false,true
00af9412,96c97ad553c208fb41d641530e96af4c83819709,0de96cddca550858f4142c692b33eb0fbcdb4c74,false,mc textures\HAS ALPHA\bp_remade\no_mip_fixes\ui,false,true
00afab44,a890b9e5b3d28ec79f30c598fd378c5e84e5266a,ca5a91c8b5428b1ae55a35a930191386783cb6d7,false,mc textures\HAS ALPHA\bp_remade\no_mip_fixes\ui,false,true
00afbbc9,a0ba7643a2499e0e295ad74b83b49b9bd7699c17,b7f9a24e592af7c74ee91119992b759a17e4cfd3,false,mc textures\HAS ALPHA\bp_remade\no_mip_fixes\ui,false,true
00b02021,3dba857f98a995d43d7bb7e331fba7003af8bf28,b6e240cc7bfa4fd4b8614fc9bc0f03292ada6fcd,false,mc textures\HAS ALPHA\bp_remade\no_mip_fixes\ui,false,true
00b04ad1,df33e01d25e6903bf7a3c650f6a7cd550d2b48f2,d52e66d6502918e1bce64b19abf22a682148d2f3,false,mc textures\HAS ALPHA\bp_remade\no_mip_fixes\ui,false,true
00b087b2,a52f326743967da53baf54b95c175bc17e60eb75,431c80d1e4196e2f8297f33751cd43d859393ccd,false,mc textures\HAS ALPHA\bp_remade\no_mip_fixes\ui,false,true
00b12021,6831d5bb4000e5bedb897b37435bb9f3fd4e37cd,8ae28879bbb66e0e1e2e15d666c79c77ad5e5c4d,false,mc textures\HAS ALPHA\bp_remade\no_mip_fixes\ui,false,true
00b22021,ed45d67662bf660947dfb21ade7d1f7d558e7b99,f7eb3e61b25847ae744d536fecdd31f711dfbe14,false,mc textures\HAS ALPHA\bp_remade\no_mip_fixes\ui,false,true
00b24ad1,452b2e7a972f103c00e1902d2d9ac900b0cb87eb,f831d78ab6335916e2c6b432c0d354c073f4eb74,false,mc textures\HAS ALPHA\bp_remade\no_mip_fixes\ui,false,true
00b25d10,911f25bcea37c3308ccaf3b1d98772d449f11d38,13a765a2a85b5b74103943b704dff286a648063b,false,mc textures\HAS ALPHA\bp_remade\no_mip_fixes\ui,false,true
00b32021,da283886de2b5e0ed8099b1f9c2a7ea17bd5e453,789a5d4f8e1435a42b41e21cbd04824821b6660c,false,mc textures\HAS ALPHA\bp_remade\no_mip_fixes\ui,false,true
00b33503,9613191dce2cb0e5fa51c6c475a48cb5a7f3029f,49a12374cb667140720af137c3a1fc8aa02e3f95,false,mc textures\HAS ALPHA\bp_remade\no_mip_fixes\ui,false,true
00b3cb78,2266ac768c56491d6cf27b0a8c14714b602c5cbd,75025f4f425cf287f839928d68ca21ed334d3034,false,mc textures\HAS ALPHA\bp_remade\no_mip_fixes\ui,false,true
00b42021,072712394d362e7652ab9107c530007943993f6d,b0ba0116e38841f68925431a21ebe3e93a9ff5bc,false,mc textures\HAS ALPHA\bp_remade\no_mip_fixes\ui,false,true
00b60372,6ef7a3f2f0c25ffe1fbac3a963c7e01194d08c13,87f1224287b351a64d9678a13621140c92935d96,false,mc textures\HAS ALPHA\bp_remade\no_mip_fixes\ui,false,true
00b64ad1,50df13d974a83ab9bc553c654febcca1a0eee8c6,37d784841cd89748b0b850dddc4ccd47528f3528,false,mc textures\HAS ALPHA\bp_remade\no_mip_fixes\ui,false,true
00b6ea23,271a82d3e24eedd0ab0e72deaee3070c6bfafe5a,0aa4adb6a48061e6ae6b363acc1855f1f2732d98,false,mc textures\HAS ALPHA\bp_remade\no_mip_fixes\ui,false,true
00b6eb2c,b929af62e6d957924beff4f8f8680c50278bd4c7,f8bcceb312620812c34a3704f792de0793762175,false,mc textures\HAS ALPHA\bp_remade\no_mip_fixes\ui,false,true
00b84ad1,ca4db51e37a70a98b970355eff9f760c2131bbb8,bf9a92126435cb86da07d1e1ea131ca0ab5e9c4f,false,mc textures\HAS ALPHA\bp_remade\no_mip_fixes\ui,false,true
00b89205,b0e32146230a5ab5472e04d7a59f6dd82775c153,6cf6e69c68dabf4875fa73501379283103949398,false,mc textures\HAS ALPHA\bp_remade\no_mip_fixes\ui,false,true
00b99205,0ff15849dedae69db6f821641d5e79e64abb19d7,a8899e32b28d70316b0f57a670c90892b555b96b,false,mc textures\HAS ALPHA\bp_remade\no_mip_fixes\ui,false,true
00ba4ad1,e886ae85712452e6fb3ab445c8666fc1b41336a7,0135d4fd769702b0a95248fb53bd07c72862c60c,false,mc textures\HAS ALPHA\bp_remade\no_mip_fixes\ui,false,true
00ba619d,0a75dc028ebd10026630a438293e57d39e00a70d,d8ebea12a6f93ab1f5b1499a838cabf8d6e40f22,false,mc textures\HAS ALPHA\bp_remade\no_mip_fixes\ui,false,true
00ba9205,8a0941506e5206734c558f6f7abeeb99394a7e4a,0b3bc17a08f31c370b2d83eb5639ae6ac362ca6c,false,mc textures\HAS ALPHA\bp_remade\no_mip_fixes\ui,false,true
00bb9205,eb455145b568944099ce336da4a79d5a4583eabb,588e01e3aabcfc246bc36e6f0be30082fcbcb8f9,false,mc textures\HAS ALPHA\bp_remade\no_mip_fixes\ui,false,true
00bc4ad1,a438f38d49433bb459554325ee1c03b87ec37221,eb027c513553a9b1fd913e7b1b3463a7a6165734,false,mc textures\HAS ALPHA\bp_remade\no_mip_fixes\ui,false,true
00be4ad1,9d6277ad6ab229f83202bc80b867c3691abdcc27,1c5074502bde60fdb1dc4339f8bb7fd4c04efa59,false,mc textures\HAS ALPHA\bp_remade\no_mip_fixes\ui,false,true
00be80b9,cc57e2225afd4c21e9505628437ba60402ad23d7,493c9b12d535cdc0e183ae855c944b1e17ff89cc,false,mc textures\HAS ALPHA\bp_remade\no_mip_fixes\ui,false,true
00bf085a,aa869cad444f27a0580c4db2f170d59e151d0c9f,65b12fdff4dab7e24e4bf8437d159d62e2dbb951,false,mc textures\HAS ALPHA\bp_remade\no_mip_fixes\ui,false,true
00bfbb06,dd9ec057ea224c7bfa2ab13b92d17e3468b1f3d0,e10836a9ec0d78a0157847e36b7fcd6769639387,false,mc textures\HAS ALPHA\bp_remade\no_mip_fixes\ui,false,true
00c04ad1,faa6a9a54ec5466163c48a188773bdcdf2fca07d,3755cf53c1aaafa68dc43556c8d222e47f301331,false,mc textures\HAS ALPHA\bp_remade\no_mip_fixes\ui,false,true
00c24ad1,a1c6c2fb6ff243ce866e7cb1521c91b7c034558b,b3a3e22f6a7b2e9b4fed59dd8d430165ea9635d4,false,mc textures\HAS ALPHA\bp_remade\no_mip_fixes\ui,false,true
00c2df96,72c3cd72f9662b07f5c4ac89e23c52ffb13bc9ea,03c82e4401d84da56d96cd27f20e860899a1b8cc,false,mc textures\HAS ALPHA\bp_remade\no_mip_fixes\ui,false,true
00c3e4f6,be2d29422497ad1b59f0d36f736adea47e036e1d,873418e964b0d3d1f0f6126e651d1452adf29a5a,false,mc textures\HAS ALPHA\bp_remade\no_mip_fixes\ui,false,true
00c45897,92a98a66bcc05ea19db7bb9cc753bb7fe9f40e00,4145bca802ff5b2c4c057eb89e6caa36b0ea0c9d,false,mc textures\HAS ALPHA\bp_remade\no_mip_fixes\ui,false,true
00c489c5,8591affcd58605475b7fcbfdb0a203c3bdbbe476,59fa29ecf2c3cd21dc2133184ccf14b9488e7167,false,mc textures\HAS ALPHA\bp_remade\no_mip_fixes\ui,false,true
00c4b02d,f570696db4d7fd372b1eebb4d67950060b49a681,0b5c0402c409617659dc901a62a464b7c6513f21,false,mc textures\HAS ALPHA\bp_remade\no_mip_fixes\ui,false,true
00c59475,67bc41defd66decc9bd3c8cb6c6e218a31a5b3ad,d9dce75114118c1e2645f79dda6f5f885fbb0e7e,false,mc textures\HAS ALPHA\bp_remade\no_mip_fixes\ui,false,true
00c5a254,116237d960f19ee673f805e02c30e8bfe7d090f8,76887ceb461deb70229f4a50aa95a144fbb4fe8b,false,mc textures\OPAQUE\bp_remade\no_mip_fixes\ui,true,true
00c5a3fd,c7ccdbb561abac1558ec81c42b57d14645f16b9f,a9136f32cc5d5259ee1d75d7b8e8c8f5a2dd5bd5,false,mc textures\HAS ALPHA\bp_remade\no_mip_fixes\ui,false,true
00c6157c,0aaad9ae97ad392ebf2f7950bdfd77e7961eec5b,8481c71b02d3c4c5dd0878055c0cb7f2e677253c,false,mc textures\HAS ALPHA\bp_remade\no_mip_fixes\ui,false,true
00c6e6ab,ac503e3a314b3b78840330b36a3359546d9fa82c,96c680eab37e594d1b73c6d8990c9e772c8dcbff,false,mc textures\HAS ALPHA\bp_remade\no_mip_fixes\ui,false,true
00c6feb6,c943f362cd81b22700f282beb5394d6a22ceb136,f846920d5f4fbc6130f3850d67ba5fc89dc7a951,false,mc textures\HAS ALPHA\bp_remade\no_mip_fixes\ui,false,true
00c6fef1,60d93ba46510ecac4f534595fb5f8440b5c89624,7dae5ea474bfae96b90c4779c10dacd0998b5aed,false,mc textures\HAS ALPHA\bp_remade\no_mip_fixes\ui,false,true
00c7d5a7,80875d670a2a5ca7aa438f1871aae11e97ecb4b2,8965e6142a19e080c81b8c61732e03d34f89a9da,false,mc textures\HAS ALPHA\bp_remade\no_mip_fixes\ui,false,true
00c87354,a83c8c919b4834089656f2e3acef154f20fce6cc,7fb1d21336e0400a14c0bc47c7893f94803d9880,false,mc textures\OPAQUE\bp_remade\no_mip_fixes\ui,true,true
00c8e1b5,fb314341910a24d4e0e2cf9399830f38e7aac1b9,17a283479bdaa9f7367d6b09d3693df6171d9243,false,mc textures\HAS ALPHA\bp_remade\no_mip_fixes\ui,false,true
00c9e1b5,abe57cd2d9f1f7451122c43ce9c1c1c2e2d2ab7f,77a7dd69c053a1869efd374e3080dc017c08d134,false,mc textures\HAS ALPHA\bp_remade\no_mip_fixes\ui,false,true
00ca3f11,64682c0c8bbe61bc62e4b5b168284438a7656e95,06ae9cb28fc40442dfe051b4bd0952c78c89a423,false,mc textures\HAS ALPHA\bp_remade\no_mip_fixes\ui,false,true
00cada49,312fcda98c3fae8bd8e2924a21a656dd90dcceb2,80a895efec8add59405b14a344a530e133cd1416,false,mc textures\HAS ALPHA\bp_remade\no_mip_fixes\ui,false,true
00cb303d,7f89b8fb36aa5172f07f856767c244549b63c1ee,a67e9093b7cda0d49bb5e2122736884a9e22c05f,false,mc textures\OPAQUE\bp_remade\no_mip_fixes\ui,true,true
00cb3f11,849473b26eb6b357903baf8519d18f61abd19f17,ccd61cad497c5047ec4bc6ed2ddaea4bbd0fe795,false,mc textures\HAS ALPHA\bp_remade\no_mip_fixes\ui,false,true
00cc15b7,689f0308e31daa915ffb09e5c16a89c631fa4401,dd3cbc385baa70ab07569a79b416cd113aa2ead5,false,mc textures\HAS ALPHA\bp_remade\no_mip_fixes\ui,false,true
00ccb0a6,2789c6bf6e5af394f89eff164bd39b21865ace62,fc8b5649b62a5fb9a92254e94fbde527cb1d2e3e,false,mc textures\HAS ALPHA\bp_remade\no_mip_fixes\ui,false,true
00cd360c,d99a63744a37351645f90a7df680e4120a9d2855,d5a681470c48a98692b6286e7318b6913fd0d85e,false,mc textures\HAS ALPHA\bp_remade\no_mip_fixes\ui,false,true
00cd868e,5dfe609480e50932a8706ee55f2910488c31afaa,6fd0146a7967864c359c0af93a44917e64a279ca,false,mc textures\HAS ALPHA\bp_remade\no_mip_fixes\ui,false,true
00cda6c1,b50938c23dcb7a79f4bae356df956d50cc0b4317,26717c68d4e0f6e1e2803771d236f802fa85d9d6,false,mc textures\OPAQUE\bp_remade\no_mip_fixes\ui,true,true
00cdb0a6,71acf320716e6f0d2df1abeed65aeb90f019ff04,e7a64f6ea796ab3f3c2a66b5bef70455e6423074,false,mc textures\HAS ALPHA\bp_remade\no_mip_fixes\ui,false,true
00cdeba7,cad7cf9d32ba7d6db479bb07872b8836b15cd6a1,e5dd9c5aed5e9f917762afa33a994e515707e9e7,false,mc textures\HAS ALPHA\bp_remade\no_mip_fixes\ui,false,true
00ce999d,89548f6f11db37caeeb47685adc269768ee0e3da,4fd2a13e5540b95ee275581e44964fabb3f9ac4d,false,mc textures\HAS ALPHA\bp_remade\no_mip_fixes\ui,false,true
00ceb0a6,f95167165f9f59ca9c8ffccd757de051a51673d2,0bb8529db724bfffc59b44cf73b861857d936d93,false,mc textures\HAS ALPHA\bp_remade\no_mip_fixes\ui,false,true
00ceeba7,ecdadcafad0c51785f7cd76105f7ba3b74e28be0,859f5bcefb9295a5b79f70312437e24d4faa5c3f,false,mc textures\HAS ALPHA\bp_remade\no_mip_fixes\ui,false,true
00cfb0a6,5e878bb2b833e46c2e949f7875a0b000e054cf87,a2976521a80ac23023d713ff1a0e6bda4285102a,false,mc textures\HAS ALPHA\bp_remade\no_mip_fixes\ui,false,true
00cfe11e,06fe47145726a8fcfaffaa6b9c533dd698df6b8b,b5f75806a5dd41d6f74b64495896ecbf86989c1d,false,mc textures\HAS ALPHA\bp_remade\no_mip_fixes\ui,false,true
00cfeba7,a46d75293407a5e01814037620ee6d13da6980ce,af1ce128d4c41cd286cad4e9073bd6310ab22481,false,mc textures\HAS ALPHA\bp_remade\no_mip_fixes\ui,false,true
00d0b0a6,769b68474a2faa4a68044de97bd7c801e5a87539,9b6f7eee54505dfc47f79e3462b3465ad948a5d6,false,mc textures\HAS ALPHA\bp_remade\no_mip_fixes\ui,false,true
00d0eba7,4a732bf02c4b88154d0ed59b799b91e0e6b4295d,2bea6ba53a9fe22762ea31ac9df011dc88fae83f,false,mc textures\HAS ALPHA\bp_remade\no_mip_fixes\ui,false,true
00d1b0a6,3e0ad5097a3a7b86bb0b4f0dccc011981002689f,fef938b2cd5e6c79b8bab00cdf7728e00ae950c2,false,mc textures\HAS ALPHA\bp_remade\no_mip_fixes\ui,false,true
00d1eba7,b54fb3ee81ca1b830bb1223a20f1b4d692dfca2f,8a36ab6b58d1e22d0f34e15350888b6caf386754,false,mc textures\HAS ALPHA\bp_remade\no_mip_fixes\ui,false,true
00d27f22,0dc2112088a92f56b0fd7b6e665ad9caf34cc990,4e669de401aa1442133e2d52aefd651a8474ebf6,false,mc textures\HAS ALPHA\bp_remade\no_mip_fixes\ui,false,true
00d37f22,fc0a93688ed69c512d281d6db8c20cc06d601836,214f8a94b7b13609691e0034f746d1571a43ae35,false,mc textures\HAS ALPHA\bp_remade\no_mip_fixes\ui,false,true
00d4e124,933015bcbb9ee0a7007dd66060100a9d12fe4e6c,8f4dfe6a62592e3fdd67cfb0dd7fba1778083ccb,false,mc textures\HAS ALPHA\bp_remade\no_mip_fixes\ui,false,true
00d57f22,c9ae0e31abd32f2696a025c19f5f6d5b74ea9220,18cc05e7310f2c7148a120747079ae48dfadc013,false,mc textures\HAS ALPHA\bp_remade\no_mip_fixes\ui,false,true
00d7a5d6,8894044d3847999e6856ba2bd8de00edf44c0632,5bdfd4fb95b59d6412d4652b298e56a6f6193d1f,false,mc textures\HAS ALPHA\bp_remade\no_mip_fixes\ui,false,true
00d84d77,15e4a86f97bc5539b0b15f7c528e61bd2910095a,bbbbdcb77b7a145bda4ec13e1b94efa76a8674a6,false,mc textures\HAS ALPHA\bp_remade\no_mip_fixes\ui,false,true
00d85d25,0bd20e6f31a76006b4f787dcee65126abfe9d6d8,6ac4b89ada7b1d05a359c9d08a620e8669151754,false,mc textures\HAS ALPHA\bp_remade\no_mip_fixes\ui,false,true
00da15e3,f3c469517744d8639071a207ea41b9f2c1636cea,5d0e80bb51ce7efd00b970ceab64b6a5cb319c2c,false,mc textures\HAS ALPHA\bp_remade\no_mip_fixes\ui,false,true
00dc7290,95f71ea0cc76ab312da4db434d46d8a361ef4cd6,43c3ad3fc23b5f09d9fc5eb194c001a68dc7d5e8,false,mc textures\HAS ALPHA\bp_remade\no_mip_fixes\ui,false,true
00dcd5c6,248db730929401ea11c6d31968d7f421372384da,755f0dbf387796169e120841e5978428fa40a8f5,false,mc textures\HAS ALPHA\bp_remade\no_mip_fixes\ui,false,true
00dd93f9,e34654c47a9242496f047d44166a6d45c1381cd1,89643d8d0e34b739f5f02f100b64bf800d13f99f,false,mc textures\HAS ALPHA\bp_remade\no_mip_fixes\ui,false,true
00de6344,6a77263ccc9c456c37d8cb7b7c1db8728522ef11,1f7515b9d478bae2ef1bcfe9678ccdef4c26c0cd,false,mc textures\HAS ALPHA\bp_remade\no_mip_fixes\ui,false,true
00de6f30,0105b3c8911fa25c89a5d7039075747af9286385,a773eaf9bf642b833400ddc8baf4ea930bd1cf84,false,mc textures\HAS ALPHA\bp_remade\no_mip_fixes\ui,false,true
00e0bf95,a10e977d9545ba2d37214a2c47f7af56237b951a,6916cff631049db486ed734172b3b8783378baa3,false,mc textures\HAS ALPHA\bp_remade\no_mip_fixes\ui,false,true
00e20d51,63fc7ef631132b264f7ebeeb2c37900ab525f769,0db1f958c46f7d5cc4723a825a3045fe228d05ef,false,mc textures\HAS ALPHA\bp_remade\no_mip_fixes\ui,false,true
00e22d51,0f3e637b88abf71622b0875062e9821e15a51bbe,0e8ff0da49fdfb40f0ea8f93389493b05755b858,false,mc textures\HAS ALPHA\bp_remade\no_mip_fixes\ui,false,true
00e3d071,3eca0ecb3dfa048e8fdd31631d8ad3a93c73aad1,1cbeec78d759e18da4cd7178c47308fafce193f6,false,mc textures\HAS ALPHA\bp_remade\no_mip_fixes\ui,false,true
00e4b51b,e3efcbfa6a1e00209dae33a52220ffd3e24cf17a,2cff83a0dee04c2544d3fb599b6a1a746febe47a,false,mc textures\HAS ALPHA\bp_remade\no_mip_fixes\ui,false,true
00e4d0de,bffe25866d239555cd164571e573f598bf4c9bf2,4fb9658de76d95936115411493c8e1c9310f2e74,false,mc textures\HAS ALPHA\bp_remade\no_mip_fixes\ui,false,true
00e4d0de_41da87e72c01ef976b914cd59eef1df9,7c7f88ee20fba62d745fedadd2aec6ff368c524e,83f18b1cf3f1720b521edd96132293cdcfb2aced,false,mc textures\HAS ALPHA\bp_remade\no_mip_fixes\ui,false,true
00e7ddd3,7752020b79ee5182d1472dadd5b410f243ccafc1,c3220f1b2ae7286d6f5b90d03f6c5486034f22e4,false,mc textures\HAS ALPHA\bp_remade\no_mip_fixes\ui,false,true
00e8533f,4e924e3f8e1ffd5c4e789f6c8a33afdff335fb99,55301c1faabc510f78da9a1fdb8ee4b6a878b00e,false,mc textures\tri with alpha\bp_remade\no_mip_fixes\ui,false,true
00e8533f_c9656c04a66db3d24c7fb50dd516a45e,0012893e903f7ae108de89c2d9a18c1e1b5c6238,b7b201c0cfc3cd3b047f27ebe2ae05e436d0b1c1,false,mc textures\HAS ALPHA\bp_remade\no_mip_fixes\ui,false,true
00e9800a,1cb1623ae6d7a6c39a90faad27df61dd1a7a2c9b,02c09339dfc1a073c563d1fa687929cd09c6ac6e,false,mc textures\HAS ALPHA\bp_remade\no_mip_fixes\ui,false,true
00eb32b4,73526d9255aa86b8cdb1e4054b812c5bf7c55203,f2f36308374b077968db516c38a28d9834caa297,false,mc textures\OPAQUE\bp_remade\no_mip_fixes\ui,true,true
00eb5f92,ccd2f614a247664bad57751575e833d82eb124d3,7a6dcfd7dd735462de2038ecdf8f1066b697cf5d,false,mc textures\OPAQUE\bp_remade\no_mip_fixes\ui,true,true
00eb7512,1c73750cd1d49ab8c5eff3730ed66e9c5d245f69,e3163fdebc1b38562a47b1833790d1a89f31a6d1,false,mc textures\OPAQUE\bp_remade\no_mip_fixes\ui,true,true
00ec73af,22c6459fbb18ed9297059630b0432b5e666f3e35,4263f885a2f566fa9841cb886a3507caa2b763a6,false,mc textures\HAS ALPHA\bp_remade\no_mip_fixes\ui,false,true
00eca640,311440a0bb0e707944803c6a23f399c105c10d9d,45dcaf106afd1e1357b948415d1c4479e016b331,false,mc textures\HAS ALPHA\bp_remade\no_mip_fixes\ui,false,true
00edb58b,1ae08db03038724537cd1643c5bac21d2969cddd,09d77c2f45a93eb04b2a1dc3eed63dc9ccdb4b1d,false,mc textures\HAS ALPHA\bp_remade\no_mip_fixes\ui,false,true
00efa150,a027fc81430a26a4e1a2c8fbcedf547c60913654,d14e4586ce1d38a8ba74c6d4b8d316c737a58c17,false,mc textures\HAS ALPHA\bp_remade\no_mip_fixes\ui,false,true
00f04ad1,eb01bbb03a9aac74f820eb382fd1b01a41d6cfa5,a757ec9fc4dc21c1e0f8b17cc59f0293a75eb27b,false,mc textures\HAS ALPHA\bp_remade\no_mip_fixes\ui,false,true
00f0852a,83b0f35b65715420bd53d183aeb17bc204471f47,eb3fecdca04bca606c5f2eeeb50169f30c0f5dc2,false,mc textures\HAS ALPHA\bp_remade\no_mip_fixes\ui,false,true
00f08bb3,ff6a354cb4521265909998905bdcf72645db0665,7d36704cdc3962b257bbb41397b3c4b52ef6ea5a,false,mc textures\HAS ALPHA\bp_remade\no_mip_fixes\ui,false,true
00f0b18b,61752321ef31d8d8c19bd2217bbb6d2d89543cd7,2e162d08120d14ffe355349dcfed7f7b928e5490,false,mc textures\HAS ALPHA\bp_remade\no_mip_fixes\ui,false,true
00f24ad0,8b36c380f14b321e0bdf8cf4e823d86c22228518,26321020580609b7473b08268a2cd6a7fac65b73,false,mc textures\HAS ALPHA\bp_remade\no_mip_fixes\ui,false,true
00f24ad1,b0d7ccecb61ce26b5009f3257a6e70e018eed754,611fa7c1f3dbda5d2376680cdf8fc26ca12abd07,false,mc textures\HAS ALPHA\bp_remade\no_mip_fixes\ui,false,true
00f40e09,fee0a5b15e60b84636958b5ff999bba64aade3d7,93f8655e55d5c0699f888a9ffbf052cb2628b933,false,mc textures\HAS ALPHA\bp_remade\no_mip_fixes\ui,false,true
00f41462,afad438ee227479885189dba094721994dd1e2e6,c4653c389716fb00ed8bbeb930bb636f5be9bdf6,false,mc textures\HAS ALPHA\bp_remade\no_mip_fixes\ui,false,true
00f44ad0,ff33a35bff371c6ccdb646ea08bc75554a3ceb76,09223318d2b00b97165eb9bb08f749cbd43248d7,false,mc textures\HAS ALPHA\bp_remade\no_mip_fixes\ui,false,true
00f44ad1,ccdc214f7ea9d8ea65b99a56e7ffa13b917ce400,90345ad3c631d60d11718fe092338524892a9491,false,mc textures\HAS ALPHA\bp_remade\no_mip_fixes\ui,false,true
00f4b0a9,c3bec3c8c38e6753329d1c41e624c28f011cb7ba,cb5c966da48c43fd313a67d0284aaf600dab32a3,false,mc textures\HAS ALPHA\bp_remade\no_mip_fixes\ui,false,true
00f4e3ec,9c7dfde2f15ce600412be9f4427c907e7f944ff2,94350ea8dacea258a0e65b7672cf6a3b8e66c2b8,false,mc textures\HAS ALPHA\bp_remade\no_mip_fixes\ui,false,true
00f51462,d9fddb45b5e53dd680c7a16b5ee9bbbfadbb183b,8ccf22adb280adfa4cc4c9061d6238e2cb1d16f4,false,mc textures\HAS ALPHA\bp_remade\no_mip_fixes\ui,false,true
00f52511,b7c0e1e1d4359cd347b69a76d61390e36848155e,db486ff40c6ce7fefa77bda511826cae155ba465,false,mc textures\HAS ALPHA\bp_remade\no_mip_fixes\ui,false,true
00f64ad0,252d3ec202177406184e6908f5c5c3e82a24affb,a6841e19adc1c58df9042fc1fb197bd901e38fa8,false,mc textures\HAS ALPHA\bp_remade\no_mip_fixes\ui,false,true
00f64ad1,24e37b3535b985f296843ab2bf1eff06627fda8a,a23e969b524a2350e8dc5dc9c674292ce531fa20,false,mc textures\HAS ALPHA\bp_remade\no_mip_fixes\ui,false,true
00f8237e,b1a94571a347123815b79b5b8da978c09d6add02,99441ca55c0b1dbfe5684ac9c550f8a07daba896,false,mc textures\HAS ALPHA\bp_remade\no_mip_fixes\ui,false,true
00f84320,82b2abe9bd0b12108fe395aaa195c379f9dc681d,8fc0c440034905d17aff5f2c3fbf4ba75d796846,false,mc textures\HAS ALPHA\bp_remade\no_mip_fixes\ui,false,true
00f84ad0,c01ab7f06062a8f2c62b75be421f7fa12ff1898c,e0c95fdea7c673566a2d012eb5c0704b0d9b8da0,false,mc textures\HAS ALPHA\bp_remade\no_mip_fixes\ui,false,true
00f84ad1,9022374a127590ed402ed02a58b5a0ee2eb75073,7e282ebb28ddf4c3f04ba0648742cd335fc5f1b2,false,mc textures\HAS ALPHA\bp_remade\no_mip_fixes\ui,false,true
00f8852a,095ae1bc7cd9f1c3a04f1e0afb57fc2a824477c0,7db704b074420e7362d26cc1f0fafbf29369b2a3,false,mc textures\HAS ALPHA\bp_remade\no_mip_fixes\ui,false,true
00f94320,e2762d385f3d8dee2fdbcebb6dda95b6becbfedb,da9225256d4653c6e69082bb55acc30291a4cb5d,false,mc textures\HAS ALPHA\bp_remade\no_mip_fixes\ui,false,true
00f995ec,fb8a46e782ca58760264fc9b4063376f97cead79,916d0b3571b500f01d9e072846f98b666b838b71,false,mc textures\HAS ALPHA\bp_remade\no_mip_fixes\ui,false,true
00fa4ad0,38359e636cd677011eee4e675b1a8d9cef76fd03,cd615318b1669dc9fed29cce89071bf50b08edab,false,mc textures\HAS ALPHA\bp_remade\no_mip_fixes\ui,false,true
00fa4ad1,62ad688d979922d2fa2e86a4f8348b70f377f478,b7a67557a382bddafb597f736fbf18a9588ad6cf,false,mc textures\HAS ALPHA\bp_remade\no_mip_fixes\ui,false,true
00fad318,7386e38b63ad56d21d78329402d61281c2bd1822,92b5e17e78e623a2658705bbbe73ebfd9f954cea,false,mc textures\HAS ALPHA\bp_remade\no_mip_fixes\ui,false,true
00fb2383,9fb316f557c632f7377ef2f6791a2bf439e3cdf6,b3074e69ea1a6b6cfccbbbb7c79c5f2513de0b95,false,mc textures\HAS ALPHA\bp_remade\no_mip_fixes\ui,false,true
00fb5e0d,1d6ee6c6011730b312f77319e71e32ca4e4ca363,8f2dedbc14a0024f44bceae4713e49e5d9a171a1,false,mc textures\HAS ALPHA\bp_remade\no_mip_fixes\ui,false,true
00fb5e0d_3a2f9c020f2b36a95c909e29cb3e4aae,0a8369627acec207ef92af02a114080a80ef0e92,f1c25ed6bd44b10f024a613a34aca8129411eda3,false,mc textures\tri with alpha\bp_remade\no_mip_fixes\ui,false,true
00fc4ad0,a41bee6bb095e41391596b2e751d803f236f89a8,eca4422198f562ff67d566079c8360b8b9da3efb,false,mc textures\HAS ALPHA\bp_remade\no_mip_fixes\ui,false,true
00fc4ad1,82c7b96fd709df1f45b56a42a02df6cceef0f28b,ad1c946a5097dc8cfceaf47731c1c95b3608b99b,false,mc textures\HAS ALPHA\bp_remade\no_mip_fixes\ui,false,true
00fe04ea,c976eb86e66aef885abd80b8a4b9d358471dc6fa,8c3c3e085d203a06acf7c3f290c6226a155f10e9,false,mc textures\HAS ALPHA\bp_remade\no_mip_fixes\ui,false,true
00fe4ad0,ef7b8104fd1590bee08a631ffbc6334bb07033c2,63ed62c90360707f29bd2c23d485db349cf57602,false,mc textures\HAS ALPHA\bp_remade\no_mip_fixes\ui,false,true
00fe4ad1,9add5d74df532e546aa6d039bd505eb66b1f2bb4,b2db4642ca6011b36fc432ba55e343fe4a4579d5,false,mc textures\HAS ALPHA\bp_remade\no_mip_fixes\ui,false,true
00fe564d,519f19261ab5f1224958b5bcb2a5570e17824e77,59bb9a70651878dd0bbfc2afdd37fe71697271b6,false,mc textures\HAS ALPHA\bp_remade\no_mip_fixes\ui,false,true
00ff04ea,2ffb4ce16971ff47e844f1430b57aa0a9ee75e29,639df356406396e5573520c0f9de3575c147a42f,false,mc textures\HAS ALPHA\bp_remade\no_mip_fixes\ui,false,true
24c_over_alp_ovl.bmp,7735f7e0f2bccec646d2619a75bec735b62d17c7,e7043d3575b1d105adb2c7bee72fcbee780d4860,false,mc textures\HAS ALPHA\bp_remade\no_mip_fixes\ui,false,true
ab_alp_ovl.bmp,9ab4bf75ab5898064694ed365e1f8922ec32aed6,57480838dff29d6aa729669f18531903c2ebd8e1,false,mc textures\HAS ALPHA\bp_remade\no_mip_fixes\ui,false,true
acd_alp_ovl.bmp,3323203269caa3755797a6d13b485465fe25e679,521d679d7ac1cd8e169efd164e0ebd3c90306a6a,false,mc textures\HAS ALPHA\bp_remade\no_mip_fixes\ui,false,true
act_telop10_alp_ovl.bmp,9e2ce2259d0d9fcd1474c7314928fe234790c7d1,c27ac27d090fd7365caa72ba81a870e86d07c002,false,mc textures\HAS ALPHA\bp_remade\no_mip_fixes\ui,false,true
act_telop11_alp_ovl.bmp,0bb64b9761f91ce0118af333dfb71b4454afb262,e42cf45df8deb9ad7b4efab48f915139315b7e24,false,mc textures\HAS ALPHA\bp_remade\no_mip_fixes\ui,false,true
act_telop2_alp_ovl.bmp,2b1c9a0f7a241006bb26a8e260fd530ef6693827,3126290eefb4721e3ff6dba6dd0cd20071ca47a5,false,mc textures\HAS ALPHA\bp_remade\no_mip_fixes\ui,false,true
act_telop3_alp_ovl.bmp,560a77fad03da71f8bd7aadfc29b4959ea4e6421,8ad7cd3e8e4bdc6943e897885a3cb1dc40efbfb3,false,mc textures\HAS ALPHA\bp_remade\no_mip_fixes\ui,false,true
act_telop4_alp_ovl.bmp,f1a8116da2c64f762297ee14d3bf6274be3c21e9,2d25376dac5b5faed8d84587c0802a78db7bc183,false,mc textures\HAS ALPHA\bp_remade\no_mip_fixes\ui,false,true
act_telop5_alp_ovl.bmp_e350349959b1556776f7b5d2e07689fc,51225dcd19e572deaf30e5b016f8cd1f9db46398,3b8e7e35840b00922a1fa36977f2a0dac93f1bd1,false,mc textures\HAS ALPHA\bp_remade\no_mip_fixes\ui,false,true
act_telop6_alp_ovl.bmp,a47474d1ef6dc621671826c3daf1c8be8de028ba,6e1c3016bc61b7a6e4f558d5834e75a2fd9c49b9,false,mc textures\HAS ALPHA\bp_remade\no_mip_fixes\ui,false,true
act_telop8_alp_ovl.bmp,723874b1ed7363a37e43a8d51db68db225c32e66,c911b710451973cd43fb891ab9f57e71be3c2540,false,mc textures\HAS ALPHA\bp_remade\no_mip_fixes\ui,false,true
act_telop9_alp_ovl.bmp,8e25e056e283134c8e0c5d509c600f408b9bc4be,fc96cc4302c39af83cb5a0c4f5c297d7bd8e180b,false,mc textures\HAS ALPHA\bp_remade\no_mip_fixes\ui,false,true
aks_alp_ovl.bmp,21f6ac2695de05cf575a0229e0b927f97fb04352,e6e1bb7cd92dd214c7661bcf982e650dcf9bf6f7,false,mc textures\HAS ALPHA\bp_remade\no_mip_fixes\ui,false,true
aks_sp2_alp_ovl.bmp,455284bf49b91edaf9bbb150783fdddcde30fa0c,1964d56e7701503994ffd18d42899008a14d236f,false,mc textures\HAS ALPHA\bp_remade\no_mip_fixes\ui,false,true
aks_sp_alp_ovl.bmp,458faeba85b9c6c2e2ae6d4f0f68b00f49e7dd3d,35dab0fabf19a41328313ebc0af4753a87d47785,false,mc textures\HAS ALPHA\bp_remade\no_mip_fixes\ui,false,true
alt_alp_ovl.bmp,dd8532c2f9fd4fbabbcb12f39ec58d4faffb683a,a7b5d8159f053eb1f7c21f82d70557c66432677d,false,mc textures\HAS ALPHA\bp_remade\no_mip_fixes\ui,false,true
alt_b_alp_ovl.bmp,e0925d74152f47c0d35a7a5231d20cdaa834c59d,91ad4f823ae97422ff4d703e5a0a028eee7b695e,false,mc textures\HAS ALPHA\bp_remade\no_mip_fixes\ui,false,true
animal_alp_ovl.bmp,f6142d37dff93cd6aa5c6bd000bc2b36d98782be,0d8b97e8f6b31b0c7150ce14b877959ea5a16edc,false,mc textures\OPAQUE\bp_remade\no_mip_fixes\ui,true,true
aps_alp_ovl.bmp,9d8ae13333ed505ea630a90233c183c88b4695a2,9b467ec83042f47854f5b34798b98014f61db2cb,false,mc textures\HAS ALPHA\bp_remade\no_mip_fixes\ui,false,true
bnd_alp_ovl.bmp,80509ff903a70e79b3ee001c5f8414906322b001,1841a13365bb62edf1c0622aa9be25056a28e782,false,mc textures\tri with alpha\bp_remade\no_mip_fixes\ui,false,true
bsn1_alp_ovl.bmp,e4d788d1efe3c30e831a5efec392c37e9501e11d,9464f71a7fc24926fcbf17c4db704c24977083f3,false,mc textures\HAS ALPHA\bp_remade\no_mip_fixes\ui,false,true
bsn2_alp_ovl.bmp,d0e30cb780dc6074c3dc1ccd7073b52cd85b5fa6,74c00131e36e77f824b14e0cb756fa016e5e817a,false,mc textures\HAS ALPHA\bp_remade\no_mip_fixes\ui,false,true
camera_alp_ovl.bmp,e10ffc90cbd854d24ba5858bad073f52fbdff7e3,d3f26b96ae681f42108cbd9bded807e299e252f0,false,mc textures\HAS ALPHA\bp_remade\no_mip_fixes\ui,false,true
cau_alp_ovl.bmp,114956731884cdc6bb487e461b6f969dad40c94c,57cda3b7c92b97d6cadc51af1aabb91936cf6e0d,false,mc textures\HAS ALPHA\bp_remade\no_mip_fixes\ui,false,true
cbox_dry_alp_ovl.bmp,73da75c5e28f0f21d6800e773c1231649c00ada2,ee68522cb9879c57f0d65dbec9419416594980f4,false,mc textures\tri with alpha\bp_remade\no_mip_fixes\ui,false,true
cbox_wet_alp_ovl.bmp,94a4fb3603008e671457e1ff7bb1181af1f409be,cf35e0f16c36f0f13a3f578dfaff7eb625dffd7d,false,mc textures\tri with alpha\bp_remade\no_mip_fixes\ui,false,true
cbx_a_alp_ovl.bmp,b56142d0acd7333ab737b9a2b2fd692724fca52f,87dc22df2f89d799459680607bd9f5975d57fe88,false,mc textures\HAS ALPHA\bp_remade\no_mip_fixes\ui,false,true
cbx_b_alp_ovl.bmp,06a3af78448a199db7aefd8c70296dd974afe0ce,2edb5d6de1cdc6f9b83c5858d717e04a19f988c4,false,mc textures\HAS ALPHA\bp_remade\no_mip_fixes\ui,false,true
cbx_c_alp_ovl.bmp,ddfbef3d50f904a3bdbe9880c9857cdb1ccc6df6,f259ff2dd00f814e337973c66ff98a363b4e4a91,false,mc textures\tri with alpha\bp_remade\no_mip_fixes\ui,false,true
cbx_d_alp_ovl.bmp,814023d8a11fab70860a45f1bdf6002e8b3dc44b,610229fe64b4be5b7d230932270509a25e7d2ec2,false,mc textures\HAS ALPHA\bp_remade\no_mip_fixes\ui,false,true
cbx_e_alp_ovl.bmp,b18750e8ff27e2d361c07a4cfbf4469a4c915625,353a42feb18d53da6d68f04cc0dc06e7d838c136,false,mc textures\HAS ALPHA\bp_remade\no_mip_fixes\ui,false,true
cbx_f_alp_ovl.bmp,1bb7b979fd8b4fa1fef4335655c6ded363ff92e9,7e1c08dd9b446d298fc5900f06d9c6df4584e2b1,false,mc textures\HAS ALPHA\bp_remade\no_mip_fixes\ui,false,true
cfr_alp_ovl.bmp,85d24ad75b0dcfa0a6922c49bd0d18f4e9e9b200,84bcd55ace0656c596908917aeef6e7844af4b3b,false,mc textures\HAS ALPHA\bp_remade\no_mip_fixes\ui,false,true
chaff_alp_ovl.bmp,5534046927beebf32444db7bdee76541bcc28aa6,e2e49f8dd512d3028ce78d726261dfb7f220c447,false,mc textures\HAS ALPHA\bp_remade\no_mip_fixes\ui,false,true
class1_alp_ovl.bmp,ae6c774da7f6682ae02a3f0bfab56b4500f8f638,7f73929e5d5330f781f2993684ea85d37ef91fa3,false,mc textures\HAS ALPHA\bp_remade\no_mip_fixes\ui,false,true
class2_alp_ovl.bmp,db4d57f382fe17f2a7f0c3299dd699f12f81c450,1e49ec451e4215720369dc0faa4185ee70ced921,false,mc textures\HAS ALPHA\bp_remade\no_mip_fixes\ui,false,true
class3_alp_ovl.bmp,2c42a1c98f0304a09112a93a47b8ef0fdd28f20e,5938503957831d93d12c9451b225b52ff6e98e3f,false,mc textures\HAS ALPHA\bp_remade\no_mip_fixes\ui,false,true
clr_alp_ovl.bmp,087192e12a1a94b2b43beca1988fa6ed7ef601d1,07f466c296d8979ca2b6fb9f6a8a87169413ffa4,false,mc textures\HAS ALPHA\bp_remade\no_mip_fixes\ui,false,true
cls_alp_ovl.bmp,8f81ab11d28962a8790ce32fdc51a19945e9e693,a3b56a55e4a0ce82c0d1156210a4b45bccc144a2,false,mc textures\HAS ALPHA\bp_remade\no_mip_fixes\ui,false,true
cray_alp_ovl.bmp,88ae1388fc594322a280a9d92a1c6975c82e2d9b,249315af07295822324c5297062801974a8a443a,false,mc textures\HAS ALPHA\bp_remade\no_mip_fixes\ui,false,true
dekisi_alp_ovl.bmp,b0862116741ee2f206c1dd0c357203756285ba9e,410f4a0b115cbe5c065a05b4a922ed0fb1ef7ee9,false,mc textures\OPAQUE\bp_remade\no_mip_fixes\ui,true,true
dmp_alp_ovl.bmp,df152dfa8161fa1c27ab6b85ee416cad0fb907bb,c06ae1375cf935cb82e61e9b8c1c3790187caf94,false,mc textures\HAS ALPHA\bp_remade\no_mip_fixes\ui,false,true
dog_alp_ovl.bmp,fe6b5eb4677943e70fa8865a480f108459c1e8fb,e8096f55e7a4eb4493354b543cd492dc24a32b0e,false,mc textures\HAS ALPHA\bp_remade\no_mip_fixes\ui,false,true
ema_died_alp_ovl.bmp,e1dfa3d00bfaed39d65a7b2dedf4cce32d3ea24f,744d73c64df7bfbb998d3c63dbb5712c6f3b8261,false,mc textures\OPAQUE\bp_remade\no_mip_fixes\ui,true,true
empty_alp_ovl.bmp,5c200b2a8a4cf190831ebb6335325890834c0dc9,1f71bf78439b5a105ce4d430c9f94dfd33b65343,false,mc textures\HAS ALPHA\bp_remade\no_mip_fixes\ui,false,true
eva_alp_ovl.bmp,6f150698664145d1931b2b39dcb1f6fb1c75a0d2,0036c18380d7a18ea00a0ab0043c27162705f737,false,mc textures\HAS ALPHA\bp_remade\no_mip_fixes\ui,false,true
exit_alp_add_ovl.bmp,b9d18d7c79b395bb3b18ff5dc54e1608c5cfc6a1,ebb9f9c9581fb33d8d2ae59f35590f4eb2cc2d87,false,mc textures\HAS ALPHA\bp_remade\no_mip_fixes\ui,false,true
exit_alp_ovl.bmp,68a84dc4e018b34354487ac6c445ccf58bded5f7,232b608dd650a7eadf64e3257b774bb24725a0a6,false,mc textures\HAS ALPHA\bp_remade\no_mip_fixes\ui,false,true
exit_alp_ovl.bmp_2e80fcdf52d4e88c977557d852b3bb00,ab5168c214c10a382997f290aa81f89a8a7d06f4,f7d28b56a63f3b9ee1adf4246b328ee0a27f6669,false,mc textures\HAS ALPHA\bp_remade\no_mip_fixes\ui,false,true
exit_alp_ovl.bmp_6caebe23bde6080a351ba6c3fd17f622,65d76e6007bb1377ce312bdf0db280bd7e872773,d8b136728f7aee9bcd74767867fe27d44d2877da,false,mc textures\HAS ALPHA\bp_remade\no_mip_fixes\ui,false,true
exit_alp_ovl.bmp_794456ba9bbbfd3e16cf3cf4157c6d56,4ab970f26c39b26b03f6ef9461d9e3a094153d2a,4f5db33346a167d7fb83fcf7e088bf8661ed7caf,false,mc textures\HAS ALPHA\bp_remade\no_mip_fixes\ui,false,true
exit_alp_ovl.bmp_7f9196f232454b86ef93cc3591f1f2ab,0cb47ca35bb5b1e78dc67b4b382635ecc82d5129,728213c25691498f694b3755c3f6fa9e2037c704,false,mc textures\HAS ALPHA\bp_remade\no_mip_fixes\ui,false,true
fake_exit_alp_ovl.bmp,27665105f8ed08f532fddd58f4ea225dd363d026,aae06a7294ce6dcd46f8f2e649a26c872a77b727,false,mc textures\HAS ALPHA\bp_remade\no_mip_fixes\ui,false,true
fall_alp_ovl.bmp,0bc996ea5fe00fb97d92322e5c8b1541fce74b47,c2bd9a71ad8148c61bb3ae5c6579432c7ba04eb8,false,mc textures\OPAQUE\bp_remade\no_mip_fixes\ui,true,true
fms_alp_ovl.bmp_afd64baad5879a54d69dceeb416e0963,845985b848a1af2e05f0bf5ee48f9abeb968d8f5,f4a2c73bd46556c5e1bb81751930bb1effad35c7,false,mc textures\tri with alpha\bp_remade\no_mip_fixes\ui,false,true
gol1_alp_ovl.bmp,724aeb07c2a3fe7acff2a4fd54fc2b933c123572,3a24483b7299ecad43cd7d82621caddd60eb5052,false,mc textures\HAS ALPHA\bp_remade\no_mip_fixes\ui,false,true
gol2_alp_ovl.bmp,5a20b0936c2a2cf684140b1d0e9dc1206bcba721,7e7bc0b4aa1208fe5d52ba3213d14d051cd94e3a,false,mc textures\HAS ALPHA\bp_remade\no_mip_fixes\ui,false,true
gre_alp_ovl.bmp,6ed3ab45f9a1eddfa96e670a268bb443898e783a,901c388714f67fece8dbfa441dc606aba09dff44,false,mc textures\HAS ALPHA\bp_remade\no_mip_fixes\ui,false,true
hfb2_alp_ovl.bmp,6b286b815a7468e9bba9b03c227f40f07da18029,bce006b9decb5f492cd912f46c0b2421e45a3e31,false,mc textures\HAS ALPHA\bp_remade\no_mip_fixes\ui,false,true
hfb_alp_ovl.bmp,bb585aa33e7020cd55fe5ca13934826e2b9ec14e,6b3cf36c0eb12022789f25968dbcb261294c827f,false,mc textures\HAS ALPHA\bp_remade\no_mip_fixes\ui,false,true
htl_alp_ovl.bmp,38427a7957221e1d0f2c6cc793f06b53dd7a7d60,ab5788f6752592cec53ef2fec6b78391a7480549,false,mc textures\HAS ALPHA\bp_remade\no_mip_fixes\ui,false,true
jam_alp_ovl.bmp,b4e88b15df7638f17e7a3cc1954792bf57092191,3e4d82cf4442228240358fc4770f759fc48dee5e,false,mc textures\HAS ALPHA\bp_remade\no_mip_fixes\ui,false,true
m4a_nm_alp_ovl.bmp,f867d9451d887030d84d16b99126acc58018bb37,a22dc2f53a6c6f24374a2ee0a372357cfd6d1ff0,false,mc textures\HAS ALPHA\bp_remade\no_mip_fixes\ui,false,true
m9_alp_ovl.bmp,2d7c0049fed50ceb6cd20d91e163e31011ba4f01,8089b80258bc9bde63992937eebe10b9fee5b07d,false,mc textures\HAS ALPHA\bp_remade\no_mip_fixes\ui,false,true
mag_alp_ovl.bmp,9b25b8b5e4f540afce14b7b30ec0525517422bd9,2c024113ca0379da66502e6464d9880025f3df5c,false,mc textures\HAS ALPHA\bp_remade\no_mip_fixes\ui,false,true
medi_alp_ovl.bmp,6073fed7b47db59fb4e98875732f421d2845f9cd,ba0210cf044f40c0766d6b73705d458655b49dc0,false,mc textures\HAS ALPHA\bp_remade\no_mip_fixes\ui,false,true
mnd_alp_ovl.bmp,eb722719b4a290409aa9f0cdcb55554e80a98ce2,2a496152b6c23625b898c67e87b3290c1a3ee813,false,mc textures\HAS ALPHA\bp_remade\no_mip_fixes\ui,false,true
mod_alp_ovl.bmp,a7338cf9ce2de521576875dbaddaf64eb7eb9ae3,f761b305a149c5cec65332a6169d390dccc6dc15,false,mc textures\HAS ALPHA\bp_remade\no_mip_fixes\ui,false,true
museum_de_alp_ovl.bmp,d2ce57f23ebec5eeb374b5efcc9bd888787fab53,29c3c867cb6d3af6b62cb117abb6e35a8c2228d3,false,mc textures\OPAQUE\bp_remade\no_mip_fixes\ui,true,true
museum_e_alp_ovl.bmp,86214881a8b08b52443d938f3800067869528939,0f85672a8f6e9f76d500d221b90065be644bd167,false,mc textures\OPAQUE\bp_remade\no_mip_fixes\ui,true,true
museum_es_alp_ovl.bmp,e37f8083431e7ba5bce0ad551e7c8073ba54a97c,89c37d5005cdf8b9c527d85f5a7fb1f72a141961,false,mc textures\OPAQUE\bp_remade\no_mip_fixes\ui,true,true
museum_fr_alp_ovl.bmp,847344b7a01ca0945ad87d519a47a3ef6b04b709,cddf5a0b893ce3ae590212b997942f5b0e48bd20,false,mc textures\OPAQUE\bp_remade\no_mip_fixes\ui,true,true
museum_it_alp_ovl.bmp,52d73c6cd6bc7647193d41b5fb91f15c9de5330e,57129ac656d77828d9dee689860bf8133b126462,false,mc textures\OPAQUE\bp_remade\no_mip_fixes\ui,true,true
museum_j_alp_ovl.bmp,b96f448b10e1758976c922b087d39229e6768a58,6eee4fa21c09bbeb8e50494ffd087ac54b7b0a56,false,mc textures\OPAQUE\bp_remade\no_mip_fixes\ui,true,true
ngl_alp_ovl.bmp,bf6a1407d28f53917ba759394eb296d0e56216a8,dd29bae4c0c8715869e722af7b5674f5ca2dabf1,false,mc textures\tri with alpha\bp_remade\no_mip_fixes\ui,false,true
niki_alp_ovl.bmp,204fcc345db598726154bf422fdb356791b5ba11,2451b1408bfe6d938b049351944c93d908ca330b,false,mc textures\HAS ALPHA\bp_remade\no_mip_fixes\ui,false,true
nom_b_alp_ovl.bmp,fdb2e37572a1d7984ca96545ca994de74da9b8de,f133f2c57245b11efffe6ae4449ec8de1daa587f,false,mc textures\HAS ALPHA\bp_remade\no_mip_fixes\ui,false,true
odai_a01a_ldr00.bmp,0b15947091148a5c7919851c3052d0ecce9e6d61,682baa30e2649ff8c3305963205718986040e237,false,mc textures\OPAQUE\bp_remade\no_mip_fixes\ui,true,true
odai_a01a_ldr00a.bmp,6de1ee348b47738947dd7d1418709d36413e4259,b11bd8e018d8df77859890ca178da1daca63ce40,false,mc textures\OPAQUE\bp_remade\no_mip_fixes\ui,true,true
odai_a01a_ldr01.bmp,1b8488a99b558272a8300791f68f0e61553d7872,04a0b2d68ff2f2284f990184acc646640562aea3,false,mc textures\OPAQUE\bp_remade\no_mip_fixes\ui,true,true
odai_a01a_ldr01a.bmp,8932f06df9cd6965c75b4d1e04c70981cbce8154,321d104f45ad95306d995ec8ba3b0c8ec63904e8,false,mc textures\OPAQUE\bp_remade\no_mip_fixes\ui,true,true
odai_a01a_ldr02.bmp,a1ccaed47f446c405078d9d7a82d1a79c50eade2,7a1b304b7688f62720db6607b0943d42ab9b270a,false,mc textures\OPAQUE\bp_remade\no_mip_fixes\ui,true,true
odai_a01a_ldr03.bmp,e652e5313cb0769b1661964ae6d09ac4547781ff,d999da7f5514ee2c02f3b93cf3e66af21b432eb2,false,mc textures\OPAQUE\bp_remade\no_mip_fixes\ui,true,true
odai_a01a_ldr03a.bmp,6689e8aa7b5fcb5a18f6eef3282ff0ef29f267dd,91ac652cd8979dc0377efb38533f0fc4b040701e,false,mc textures\OPAQUE\bp_remade\no_mip_fixes\ui,true,true
odai_a01a_ldr04.bmp,128ddc998180f3e4793c933eafa337d8a76b304c,752359b5ffe95cddde2046c37919883b0f2eee5d,false,mc textures\OPAQUE\bp_remade\no_mip_fixes\ui,true,true
odai_a01a_ldr04a.bmp,7536b9f4547d1bcebc935b5dc8adcb7b9a56ffbf,cc1e30d7b8446fa17cfb9caa1e65c8cdff5536d8,false,mc textures\OPAQUE\bp_remade\no_mip_fixes\ui,true,true
odai_a24a_ldr00.bmp,95fe2ab87e02baf463ff16755b9eed4a91bd0d56,0c7de5da64b7b08d2bd6003bd275271c02a21cd9,false,mc textures\OPAQUE\bp_remade\no_mip_fixes\ui,true,true
odai_a24a_ldr01.bmp,d2dc4bb386d098aa4c5a0cebb45fe1fb9db6e4c1,91ef243bc6afb007573c3fc2772febeb0a6281fe,false,mc textures\OPAQUE\bp_remade\no_mip_fixes\ui,true,true
odai_a24a_ldr02.bmp,e00e2caee328f8498749edb8c1c25e7c98a5ebdc,086e827ce87f066952d313908db6d54a6e1765bf,false,mc textures\OPAQUE\bp_remade\no_mip_fixes\ui,true,true
odai_a24d2_pane03.bmp,1d23750d430293bf66cd4ae42dd9a22fdc25febc,f897d3619c949aabdb1e1f051b481ac6c9dc5bf5,false,mc textures\OPAQUE\bp_remade\no_mip_fixes\ui,true,true
odai_a24d2_pane04.bmp,1d681fe208970c24e328a7dd4422667c8797bf77,3e001bfe57045fe7ae839eb32328ed279392773e,false,mc textures\OPAQUE\bp_remade\no_mip_fixes\ui,true,true
psg2_alp_ovl.bmp,589e65067116302bc72cb0939531bf99b2a4e7e1,bbbce765616a23422ebd7ec5b0f41236100eab87,false,mc textures\HAS ALPHA\bp_remade\no_mip_fixes\ui,false,true
psg_alp_ovl.bmp,52bf2ca7cade6dcccfc5c37c56a1317a416d4e8e,e0b75d874309a35664996d5da6c0d7f5054f3c7d,false,mc textures\HAS ALPHA\bp_remade\no_mip_fixes\ui,false,true
ration_alp_ovl.bmp,bf453a3faf605050dd7cb0957b320da65707c3b8,f4482cf73591b865e43a5b16c3383436306d2f6e,false,mc textures\HAS ALPHA\bp_remade\no_mip_fixes\ui,false,true
rgb_alp_ovl.bmp,5599d411aeb5071e4a80bdb814cab85926f86107,750757da732549b9a5d571b2595efc1b3fa57c5e,false,mc textures\HAS ALPHA\bp_remade\no_mip_fixes\ui,false,true
sam_alp_ovl.bmp,bc4987de3124625c6d167c84830b1e19809254e3,968f4faeb82d4d65de908790f24d67b25f51bb1c,false,mc textures\HAS ALPHA\bp_remade\no_mip_fixes\ui,false,true
scm2_alp_ovl.bmp,3472644b8c4dd8aaba375b33c5c1c1cf7e86a45a,666d1a03413cef7e557cd85b05414c07c5256155,false,mc textures\HAS ALPHA\bp_remade\no_mip_fixes\ui,false,true
scm_alp_ovl.bmp,7f3e503af586cf27583805d2f63e83a2e5ee66ed,fe3803c7f9fb442e91af38f4337106ef76b1e001,false,mc textures\HAS ALPHA\bp_remade\no_mip_fixes\ui,false,true
scm_sp2_alp_ovl.bmp,8824eeee26b45d4e4a766d69381ce272d639428f,ec7702d11c34ac8ebc52d76aaa13da15740340fa,false,mc textures\HAS ALPHA\bp_remade\no_mip_fixes\ui,false,true
scope_alp_ovl.bmp,80886b1f4a24a4006884db0f109c44cf6cc81521,27c6bf5b7bff4bc477c7be7f240ecfaef4a641d0,false,mc textures\HAS ALPHA\bp_remade\no_mip_fixes\ui,false,true
shv_alp_ovl.bmp,602d8a2cbb09e2ab32fb7e4ed9212f5e7d3f2394,468291db3e356cbfe9c1e4adf284bd8b4bfca974,false,mc textures\HAS ALPHA\bp_remade\no_mip_fixes\ui,false,true
smoke_alp_ovl.bmp,bc278009b8c4953f039c8c6782899355209b16f5,cad3a9b2f161765258e46b95f9d75f2769d607ce,false,mc textures\HAS ALPHA\bp_remade\no_mip_fixes\ui,false,true
sp_alp_ovl.bmp,058dc88ac109a385c4a4cc5074bb74c69cbe73ec,b8bfc7d1066f183fb6cb17e1752df49eb8fd01c6,false,mc textures\HAS ALPHA\bp_remade\no_mip_fixes\ui,false,true
sr00e_alp_ovl.bmp,87e42acb52573ea361a7356839fbe8e172e310ca,61c7f601807519ca5cf71f8cbf673f2372e899a9,false,mc textures\HAS ALPHA\bp_remade\no_mip_fixes\ui,false,true
sr01j_alp_ovl.bmp_71b551295ba518fae4283bd712544a6d,cae33edc5152fda1ef8fd35af99ee4090862a145,40eaf4688c33220904c6351957cfa702d25054f7,false,mc textures\HAS ALPHA\bp_remade\no_mip_fixes\ui,false,true
sr02j_alp_ovl.bmp_4a09a9b88e5c9d0cf6da451edf0dbec7,28dfa2ad7175f9c9b02cbce4d07b08a0a1b28d79,61941e74b987058a045ba66df607228a6d740a85,false,mc textures\HAS ALPHA\bp_remade\no_mip_fixes\ui,false,true
sr04e_alp_ovl.bmp,ec2472c32677cf6ad413d91c095cde1e708913f8,07cfd1a1f3032108d59f818b891f6e20d2e4575e,false,mc textures\HAS ALPHA\bp_remade\no_mip_fixes\ui,false,true
sr04e_alp_ovl.bmp_7df013dc1a4acc27c98bdd79b9268942,0788b40abad6af15ff396b1d24f7f58ae64b5fed,492f55c4b93ea18470d411188a5ac1c3a57c4fde,false,mc textures\HAS ALPHA\bp_remade\no_mip_fixes\ui,false,true
sr04j_alp_ovl.bmp_1383a677978c887d8f593c2469a8401a,e8fb93e1fb4f7a3ac352ce45178ff4c5bc3a930b,019575bd8d9b7cda55045253226ddce69b0ea482,false,mc textures\HAS ALPHA\bp_remade\no_mip_fixes\ui,false,true
sr05e_alp_ovl.bmp,e7d0798e6dd442d50f2babca0507ca40e9727a0e,31153ef9620cc47ddf7cdb5e187af58d06950262,false,mc textures\HAS ALPHA\bp_remade\no_mip_fixes\ui,false,true
sr05e_alp_ovl.bmp_fa8e2b5b866afff71bcedae16df8e3df,d20b3452cc68d1e72589494004cfecdcb9aa3bdb,044dfbb4bc7dc3574d2b95245a9648a1647a7964,false,mc textures\HAS ALPHA\bp_remade\no_mip_fixes\ui,false,true
sr05j_alp_ovl.bmp_bf1906e485ccafe1c218be12a5453562,f3fb6b544881891c43a1486eaf3d8e53fce519e3,16fd9b1bdeb61ec582f3547558e265c34d946cca,false,mc textures\HAS ALPHA\bp_remade\no_mip_fixes\ui,false,true
sr06e_alp_ovl.bmp,8a88bc898f8e4118e5643a0faeb53fb7fcff53f1,301ae2447b6ac2573fa9e81f3b3dcc6ef87d432b,false,mc textures\HAS ALPHA\bp_remade\no_mip_fixes\ui,false,true
sr06e_alp_ovl.bmp_93ce3028cb41917a7f5a86e1a5cef339,83f6cf53272ccc1e946b18e0f0e995dff5aaeafe,2886a9fe30484bd53305bc87a5e09cee455b22f8,false,mc textures\HAS ALPHA\bp_remade\no_mip_fixes\ui,false,true
sr06j_alp_ovl.bmp_3930ac3de40a80d7335f659d8d3b18df,22b442edde7dac38c12e9b5dc348d3eeb757483d,abd5141e00963c37bdd777395dd6426d996248eb,false,mc textures\HAS ALPHA\bp_remade\no_mip_fixes\ui,false,true
sr07e_alp_ovl.bmp,dd4ec26bdebefe33cacef7c57e025522d352e6c6,84f9b54c6b02adea3c128f0d76893e5f3e34f923,false,mc textures\HAS ALPHA\bp_remade\no_mip_fixes\ui,false,true
sr07e_alp_ovl.bmp_1facc522d39aa7af4c8f475392ce56fb,8607acce3747350d847ea220f86e774d362ed542,1cd587426ca122c2e905672224dd74fd0d961c70,false,mc textures\HAS ALPHA\bp_remade\no_mip_fixes\ui,false,true
sr07j_alp_ovl.bmp_df4abf9598b5e1aaa1c931ea907a758a,fe8a83600b3b0bd9597fd78527bfd6c75aa127c5,d7ecd82ae41ee101f3b1069101a1fb89d6258c7c,false,mc textures\HAS ALPHA\bp_remade\no_mip_fixes\ui,false,true
sr08e_alp_ovl.bmp,172e3facedc4b49a3f28e009951717f73a4c7be0,06989b54223570e217ad7474f77af06311ffd150,false,mc textures\HAS ALPHA\bp_remade\no_mip_fixes\ui,false,true
sr08e_alp_ovl.bmp_94c5b46b1b4c4dd69ab4b85ecd7d43fe,8ca7b995af61c5abcc1a6d942dbc43c23d615cdb,d3b1e00cc9ea3926a07887f5b4b27b11216e58a6,false,mc textures\HAS ALPHA\bp_remade\no_mip_fixes\ui,false,true
sr08j_alp_ovl.bmp_501fe309963ffa2693e775abe15afe45,5a5e5dc180c0bf984f5b93a626f5e639ac787815,c02f7927402ab5fcb6cb0e84db3f85e80bb9d7e6,false,mc textures\HAS ALPHA\bp_remade\no_mip_fixes\ui,false,true
sr09e_alp_ovl.bmp,d42c4599dfa3e7c64d3b4640e9142eb9fb0208a7,62b9ee6aa7cbd92fe656aa91e204dc8b85c2958a,false,mc textures\HAS ALPHA\bp_remade\no_mip_fixes\ui,false,true
sr09e_alp_ovl.bmp_2bec0cf6e2d48a41d9297cf01513f45c,f6d43ca6ad9c5366cebb727c322c6ee4a34fccbe,8f1cb851d68390b021c756fdd5b2cd01ed24f913,false,mc textures\HAS ALPHA\bp_remade\no_mip_fixes\ui,false,true
sr10e_alp_ovl.bmp,ce30d5c381ea7a45bab6a623949d39e371b94163,221e8358737edd56b2ba7c437d8d8dfe63cf254d,false,mc textures\HAS ALPHA\bp_remade\no_mip_fixes\ui,false,true
sr10e_alp_ovl.bmp_1927c59b5a429c24eac1732749ce574a,0ac957dc51c0f1d8bdff4a9d31a403eafaa981d2,f1082a4687c5d298491eebca892b6ef5af7844c5,false,mc textures\HAS ALPHA\bp_remade\no_mip_fixes\ui,false,true
sr11e_alp_ovl.bmp,592c73ac7515444fc89d27f7c96e0a893fa40612,2f6fa26c1fc0b0e3e867afc2e4ec1de03cb522af,false,mc textures\HAS ALPHA\bp_remade\no_mip_fixes\ui,false,true
sr11e_alp_ovl.bmp_cb0dce75f41243b62d86315f2154df35,dad25a235b46cd311d835e0538ce5f9850b08041,c444e23c7bf7d4cd8090ee7f7f89198077d952a9,false,mc textures\HAS ALPHA\bp_remade\no_mip_fixes\ui,false,true
sr11j_alp_ovl.bmp_d403a96582282e98da76e6194a8a4c58,2424dfe6daa3f09fccfa704cc972f0aaaa172c28,79c20f1d5095814711fbdebeb5ba111ac5f998a2,false,mc textures\HAS ALPHA\bp_remade\no_mip_fixes\ui,false,true
sr12e_alp_ovl.bmp,1c5562a8764fcfec39003b04346fbe03a3e5e235,7a37781804ea8524f966d1bb1963dac035403ed2,false,mc textures\HAS ALPHA\bp_remade\no_mip_fixes\ui,false,true
sr12e_alp_ovl.bmp_49da83a2fc34ffff91d496c4100267ab,e73ac925cf15bb945e0b088e9575a9f82cb27b6e,224fc6d876e7d24c9d4e1173290fdc35971e5573,false,mc textures\HAS ALPHA\bp_remade\no_mip_fixes\ui,false,true
sr12j_alp_ovl.bmp_17fe60f718f515850942f8f66ba0be2a,2aa86ea1ec24cfc47341cbba376404f1ec52d4be,9dcab5a14d9f9e38aaf8e6cebbb90eae7659df28,false,mc textures\HAS ALPHA\bp_remade\no_mip_fixes\ui,false,true
sr13e_alp_ovl.bmp,7a757c40758180aee960b2c24f7349fd24c79739,c82fe8a57aafdd83472f5c9be078241bcddc9263,false,mc textures\HAS ALPHA\bp_remade\no_mip_fixes\ui,false,true
sr13e_alp_ovl.bmp_8e5d765a189254623f05bef061d0db1a,88506d311520a40128a3ced74ff89bedf402bcb9,df4ed9c948890837742723c068e31d402c8dc759,false,mc textures\HAS ALPHA\bp_remade\no_mip_fixes\ui,false,true
sr14e_alp_ovl.bmp,76906b2d07da312013a63745af8d43b4efeb7b9d,1eaa7377eab7903516bc80f16b14cbc12b1fa8e1,false,mc textures\HAS ALPHA\bp_remade\no_mip_fixes\ui,false,true
sr14e_alp_ovl.bmp_ea172754f17f49457f2f04ae2319add2,033a896ed0fc0e73cb83735f2d33866eac298cb5,de6f9a169d4a522feb818fdb5d6844cb747e6086,false,mc textures\HAS ALPHA\bp_remade\no_mip_fixes\ui,false,true
sr14j_alp_ovl.bmp_104b15f9971860fa4c6923382baf1463,8ba604f0e1e4305a206a371043f5742070267f52,780c7a68a76c84e7aeeb253415090bb329e96161,false,mc textures\HAS ALPHA\bp_remade\no_mip_fixes\ui,false,true
sr14j_bg_alp_ovl.bmp,412ce7d9ec7dee892a2773e45c7280d5fd8539a8,83feef87a6fce5b4c035be846820f1a577b9a98f,false,mc textures\HAS ALPHA\bp_remade\no_mip_fixes\ui,false,true
sr16e_alp_ovl.bmp,9b957566dfaa3997eb67dd169a04aae1d6b43bba,e7d95d23f20ae8fa5d476f20feaa4195db76c148,false,mc textures\HAS ALPHA\bp_remade\no_mip_fixes\ui,false,true
sr17e_alp_ovl.bmp,61c25d687a62b49a4eb54c7b216d8007ce3197cc,6ae97430345c112b46f6a3c6cc45a1aa0cb31e15,false,mc textures\HAS ALPHA\bp_remade\no_mip_fixes\ui,false,true
sr18e_alp_ovl.bmp,548dbced207881d4eaab2fc9813eac4135cb3bf0,8c09550ee73a94c7676dc9368d4679a0549a1cb3,false,mc textures\HAS ALPHA\bp_remade\no_mip_fixes\ui,false,true
sr18e_alp_ovl.bmp_472bed0a443e29c45de18a81421d2ee0,5c10df761e87b2d339dbafefcd57f8aba2c0da2e,3a8be487a256b44b51866efd5208f4e93ff91923,false,mc textures\HAS ALPHA\bp_remade\no_mip_fixes\ui,false,true
sr18j_alp_ovl.bmp,ff00fd729c8f33838c7343d4e231a28a78ae9ae3,15643782ce2ec8e8c1448b142b29d16213158246,false,mc textures\tri with alpha\bp_remade\no_mip_fixes\ui,false,true
sr19e_alp_ovl.bmp,96de009980bb58eb3455876ce90b9943cd22e8ee,8303b6431bf634952f27010b3ec6b3767a8b2800,false,mc textures\HAS ALPHA\bp_remade\no_mip_fixes\ui,false,true
sr19j_alp_ovl.bmp,42dd5900236f265b2562c6cd0ea44a1b457f16a1,080ca6fed04b6ef46c2bc7d95068c7590881ca6c,false,mc textures\tri with alpha\bp_remade\no_mip_fixes\ui,false,true
sr20e_alp_ovl.bmp,0037b0fad5ba7fc1f51013984e5410548fc2c327,90b02d20f38a7b9ba695c5b14f12d4cad1641c4d,false,mc textures\HAS ALPHA\bp_remade\no_mip_fixes\ui,false,true
sr21e_alp_ovl.bmp,2b235df1b455688e4214e41f7a290dd1a9c209fa,0242945e4d72fb9455435dae121a1ef02720c1f1,false,mc textures\HAS ALPHA\bp_remade\no_mip_fixes\ui,false,true
sr22e_alp_ovl.bmp,2801fcd35baae890185ba95abc31b4259ebf1d50,bbc442f9b34798cf3938ec0717e43dde9ffe37f4,false,mc textures\HAS ALPHA\bp_remade\no_mip_fixes\ui,false,true
sr23e_alp_ovl.bmp,a2cd8cab3d4d960de16600e83e4679f0ea1ed51c,421e1e15cdac34dc46fe8486253ef2ebedbab141,false,mc textures\HAS ALPHA\bp_remade\no_mip_fixes\ui,false,true
sr24e_alp_ovl.bmp,494057bc189404942534e8e723564ceb3d9754f4,c1e6fb99f20b8acb5ad9134338d3939c5d7fbdd5,false,mc textures\HAS ALPHA\bp_remade\no_mip_fixes\ui,false,true
sr25e_alp_ovl.bmp,fdbad7c3b461dcf8b1597a7d005395685ab32f81,fd0c2c1df1e4c438952ad83b7e2fb60e9bc5d5ae,false,mc textures\HAS ALPHA\bp_remade\no_mip_fixes\ui,false,true
stin_alp_ovl.bmp,b00e2308aca2132aa75a67849f450764cd9c3e72,293e62530fa2099e6343078a04eb4180388e62d1,false,mc textures\HAS ALPHA\bp_remade\no_mip_fixes\ui,false,true
stun_alp_ovl.bmp,a10989204a8c93b75b30faa484280e625f75b8cf,03465879ffa9e12fba52c3462470ba70d07b7666,false,mc textures\HAS ALPHA\bp_remade\no_mip_fixes\ui,false,true
styp_alp_ovl.bmp,03d4ba145cff8e6837da0c649dec84acdba56597,32a253496939aa8f376798db60eb778e7b14ba3a,false,mc textures\HAS ALPHA\bp_remade\no_mip_fixes\ui,false,true
tgl_alp_ovl.bmp,c9c6927f52c72bc1256a7c28cc5c069596373629,ea7bff8aa23322fae883e5d1a9d3f5d34a950c2c,false,mc textures\HAS ALPHA\bp_remade\no_mip_fixes\ui,false,true
title_logo_blue_alp_ovl.bmp,7fb4bab5ca721c7c35b3f6514f1cfe788bfc7d87,5a83ecee6b3cd651668613cf5cf31d1e595d986a,false,mc textures\HAS ALPHA\bp_remade\no_mip_fixes\ui,false,true
title_logo_mono_alp_ovl.bmp,65d6e77600647861196517e562c93291caeb9765,ed6b45fefa185ea64d11695afd66568894e41653,false,mc textures\HAS ALPHA\bp_remade\no_mip_fixes\ui,false,true
title_mgs2_alp_ovl.bmp,3912b13da68af4403c040fd2ef5a3f0032bc0fc6,89b20da67119022851531b654fa92bb241e3d13a,false,mc textures\HAS ALPHA\bp_remade\no_mip_fixes\ui,false,true
usp_alp_ovl.bmp,31eb3d95e46d5154efc1f9b1633f1229d20c53ab,1f6c309b76cffd2350b8a47ca1e6345a5270dd6f,false,mc textures\HAS ALPHA\bp_remade\no_mip_fixes\ui,false,true
usp_sp2_alp_ovl.bmp,04cde23764f464bdc48ebc98d254abab0b9c05ca,294807baa69a33e0dd3b56689c52c4fa1c730e39,false,mc textures\HAS ALPHA\bp_remade\no_mip_fixes\ui,false,true
usp_sp_alp_ovl.bmp,544369ce4bf763435538ac95d094fd1ddc1563df,0e6a7aa9d7deb267dd092119b188b16f72d3236c,false,mc textures\HAS ALPHA\bp_remade\no_mip_fixes\ui,false,true
w24c_over_mrs_alp_ovl.bmp,781f71baf75fdce9e9787899184514a31696546f,7694ebae867c6b0483eaacbdaff5352f5a733767,false,mc textures\OPAQUE\bp_remade\no_mip_fixes\ui,true,true
w24c_over_oba_alp_ovl.bmp,2b87c4b6949f0a6bad55d281040c6597b72d329b,b47c59fe2422d25cee05acdc649d72c34a46d97f,false,mc textures\OPAQUE\bp_remade\no_mip_fixes\ui,true,true
w24c_overguy_alp_ovl.bmp,862101897ae961a31ca3025a7ec92bd488fab35d,46cfaf6cfa3172dffe392a2c6d95780a3db87fe0,false,mc textures\OPAQUE\bp_remade\no_mip_fixes\ui,true,true
wig1_alp_ovl.bmp,d6a005679b57bf5a23d5cef8ed780f41a24df39d,9057e922b8553832978a4bdc74251f92a6e6f1e2,false,mc textures\HAS ALPHA\bp_remade\no_mip_fixes\ui,false,true
wig2_alp_ovl.bmp,def21e66fb9ba72f1432c372391439a5d80005ac,db954f7f7750635b34b7299e0383a0b041b673d0,false,mc textures\HAS ALPHA\bp_remade\no_mip_fixes\ui,false,true
wpb_alp_ovl.bmp,e97007ffcefa635fa8fb01657265d407d30815c5,7b9f94631a200f6eabc1563dd9904ae80df734c9,false,mc textures\HAS ALPHA\bp_remade\no_mip_fixes\ui,false,true
